Mut_Sample,Transcript,mut_info,path,AA,DNA_binding,RNA_binding,Peptide_binding,Protein_binding,ATP_binding,HEM_binding,ZN_binding,CA_binding,MG_binding,MN_binding,DNA_binding_WT,RNA_binding_WT,Peptide_binding_WT,Protein_binding_WT,ATP_binding_WT,HEM_binding_WT,ZN_binding_WT,CA_binding_WT,MG_binding_WT,MN_binding_WT,DNA_binding_diff,RNA_binding_diff,Peptide_binding_diff,Protein_binding_diff,ATP_binding_diff,HEM_binding_diff,ZN_binding_diff,CA_binding_diff,MG_binding_diff,MN_binding_diff
EMS4-0eb016,Zm00001d002349_T001,E575K,A0A1D6DZU6,K,0.0,0.0,0.001,0.018,0.0,0.0,0.0,0.001,0.0,0.0,0.0,0.0,0.001,0.035,0.0,0.0,0.0,0.002,0.001,0.0,0.0,0.0,0.0,0.017,0.0,0.0,0.0,0.001,0.001,0.0
EMS4-1751ca,Zm00001d031871_T001,P118L,A0A1D6KLY8,L,0.017,0.119,0.001,0.087,0.0,0.001,0.0,0.0,0.0,0.0,0.018,0.119,0.001,0.092,0.0,0.001,0.0,0.0,0.0,0.0,0.001,0.0,0.0,0.005,0.0,0.0,0.0,0.0,0.0,0.0
EMS4-23a69f,Zm00001d031871_T001,T143I,A0A1D6KLY8,I,0.0,0.0,0.002,0.027,0.0,0.004,0.0,0.0,0.0,0.0,0.0,0.0,0.004,0.043,0.0,0.002,0.0,0.0,0.0,0.0,0.0,0.0,0.002,0.016,0.0,0.002,0.0,0.0,0.0,0.0
EMS4-012875,Zm00001d031871_T001,A985T,A0A1D6KLY8,T,0.001,0.001,0.011,0.217,0.0,0.001,0.0,0.0,0.0,0.0,0.001,0.001,0.006,0.204,0.0,0.0,0.0,0.0,0.0,0.0,0.0,0.0,0.005,0.013,0.0,0.001,0.0,0.0,0.0,0.0
EMS4-01287c,Zm00001d031871_T001,R783C,A0A1D6KLY8,C,0.17,0.23,0.009,0.383,0.007,0.033,0.013,0.003,0.004,0.005,0.27,0.259,0.003,0.36,0.01,0.018,0.001,0.002,0.003,0.002,0.1,0.029,0.006,0.023,0.003,0.015,0.012,0.001,0.001,0.003
EMS4-250f7e,Zm00001d002349_T001,A517T,A0A1D6DZU6,T,0.0,0.0,0.0,0.0,0.0,0.0,0.0,0.0,0.0,0.0,0.0,0.0,0.0,0.0,0.0,0.0,0.0,0.0,0.0,0.0,0.0,0.0,0.0,0.0,0.0,0.0,0.0,0.0,0.0,0.0
EMS4-2ce7c6,Zm00001d031871_T001,P1212L,A0A1D6KLY8,L,0.0,0.0,0.0,0.001,0.003,0.0,0.0,0.003,0.001,0.0,0.0,0.0,0.0,0.0,0.004,0.0,0.0,0.003,0.001,0.0,0.0,0.0,0.0,0.001,0.001,0.0,0.0,0.0,0.0,0.0
EMS4-02f3e1,Zm00001d002349_T001,R62W,A0A1D6DZU6,W,0.051,0.08,0.017,0.141,0.002,0.002,0.0,0.0,0.0,0.0,0.021,0.055,0.008,0.048,0.001,0.001,0.0,0.0,0.0,0.0,0.03,0.025,0.009,0.093,0.001,0.001,0.0,0.0,0.0,0.0
EMS4-23a6a4,Zm00001d031871_T001,G23S,A0A1D6KLY8,S,0.001,0.002,0.001,0.222,0.0,0.0,0.0,0.005,0.001,0.0,0.001,0.003,0.0,0.178,0.0,0.0,0.0,0.005,0.001,0.0,0.0,0.001,0.001,0.044,0.0,0.0,0.0,0.0,0.0,0.0
EMS4-2ce7cb,Zm00001d031871_T001,S1106F,A0A1D6KLY8,F,0.007,0.007,0.001,0.026,0.0,0.002,0.0,0.0,0.0,0.0,0.006,0.006,0.001,0.023,0.0,0.001,0.0,0.0,0.0,0.0,0.001,0.001,0.0,0.003,0.0,0.001,0.0,0.0,0.0,0.0
EMS4-02f3e3,Zm00001d002349_T001,R58K,A0A1D6DZU6,K,0.005,0.008,0.004,0.018,0.0,0.0,0.0,0.0,0.0,0.0,0.005,0.012,0.006,0.019,0.0,0.001,0.0,0.0,0.0,0.0,0.0,0.004,0.002,0.001,0.0,0.001,0.0,0.0,0.0,0.0
EMS4-23a6a2,Zm00001d031871_T001,A49V,A0A1D6KLY8,V,0.001,0.006,0.002,0.288,0.0,0.001,0.0,0.0,0.0,0.0,0.001,0.007,0.004,0.285,0.0,0.001,0.0,0.001,0.0,0.0,0.0,0.001,0.002,0.003,0.0,0.0,0.0,0.001,0.0,0.0
EMS4-01288f,Zm00001d031871_T001,S445F,A0A1D6KLY8,F,0.0,0.0,0.0,0.003,0.0,0.001,0.0,0.0,0.0,0.0,0.0,0.0,0.0,0.002,0.0,0.001,0.0,0.0,0.0,0.0,0.0,0.0,0.0,0.001,0.0,0.0,0.0,0.0,0.0,0.0
EMS4-2ce7fb,Zm00001d031871_T001,E26K,A0A1D6KLY8,K,0.022,0.031,0.001,0.167,0.001,0.002,0.0,0.0,0.0,0.0,0.002,0.003,0.001,0.4,0.001,0.001,0.0,0.008,0.003,0.001,0.02,0.028,0.0,0.233,0.0,0.001,0.0,0.008,0.003,0.001
EMS4-1e5902,Zm00001d002349_T001,S123F,A0A1D6DZU6,F,0.001,0.001,0.006,0.002,0.001,0.001,0.0,0.0,0.001,0.0,0.001,0.002,0.007,0.001,0.001,0.002,0.0,0.0,0.001,0.0,0.0,0.001,0.001,0.001,0.0,0.001,0.0,0.0,0.0,0.0
EMS4-2ce7f1,Zm00001d031871_T001,L428F,A0A1D6KLY8,F,0.001,0.0,0.001,0.06,0.0,0.0,0.0,0.0,0.0,0.0,0.001,0.0,0.001,0.052,0.0,0.0,0.0,0.0,0.0,0.0,0.0,0.0,0.0,0.008,0.0,0.0,0.0,0.0,0.0,0.0
EMS4-2ce7d5,Zm00001d031871_T001,G837S,A0A1D6KLY8,S,0.0,0.0,0.0,0.004,0.0,0.0,0.0,0.0,0.0,0.0,0.0,0.0,0.0,0.003,0.0,0.0,0.0,0.0,0.0,0.0,0.0,0.0,0.0,0.001,0.0,0.0,0.0,0.0,0.0,0.0
EMS4-1d64c4,Zm00001d031871_T001,V957I,A0A1D6KLY8,I,0.176,0.158,0.007,0.454,0.0,0.002,0.0,0.0,0.0,0.0,0.159,0.153,0.008,0.474,0.0,0.002,0.0,0.0,0.0,0.0,0.017,0.005,0.001,0.02,0.0,0.0,0.0,0.0,0.0,0.0
EMS4-23a690,Zm00001d031871_T001,P865S,A0A1D6KLY8,S,0.001,0.001,0.001,0.062,0.0,0.0,0.0,0.0,0.0,0.0,0.001,0.002,0.002,0.077,0.0,0.0,0.0,0.001,0.0,0.0,0.0,0.001,0.001,0.015,0.0,0.0,0.0,0.001,0.0,0.0
EMS4-2ce7e9,Zm00001d031871_T001,A554V,A0A1D6KLY8,V,0.0,0.0,0.0,0.022,0.0,0.0,0.0,0.001,0.0,0.0,0.0,0.0,0.0,0.017,0.0,0.0,0.0,0.001,0.0,0.0,0.0,0.0,0.0,0.005,0.0,0.0,0.0,0.0,0.0,0.0
EMS4-0d2292,Zm00001d031871_T001,R158C,A0A1D6KLY8,C,0.001,0.002,0.032,0.429,0.0,0.001,0.001,0.001,0.001,0.0,0.001,0.002,0.03,0.462,0.0,0.0,0.0,0.001,0.0,0.0,0.0,0.0,0.002,0.033,0.0,0.001,0.001,0.0,0.001,0.0
EMS4-2ce7eb,Zm00001d031871_T001,T541M,A0A1D6KLY8,M,0.001,0.002,0.001,0.002,0.793,0.033,0.0,0.001,0.004,0.001,0.001,0.003,0.001,0.003,0.856,0.064,0.0,0.001,0.004,0.001,0.0,0.001,0.0,0.001,0.063,0.031,0.0,0.0,0.0,0.0
EMS4-2ce7ca,Zm00001d031871_T001,A1111T,A0A1D6KLY8,T,0.119,0.11,0.008,0.288,0.0,0.005,0.0,0.0,0.0,0.0,0.068,0.078,0.007,0.275,0.001,0.004,0.0,0.0,0.0,0.0,0.051,0.032,0.001,0.013,0.001,0.001,0.0,0.0,0.0,0.0
EMS4-183679,Zm00001d002349_T001,S411N,A0A1D6DZU6,N,0.02,0.01,0.005,0.321,0.0,0.0,0.0,0.001,0.0,0.0,0.024,0.011,0.005,0.318,0.0,0.0,0.0,0.001,0.0,0.0,0.004,0.001,0.0,0.003,0.0,0.0,0.0,0.0,0.0,0.0
EMS4-0eb033,Zm00001d002349_T001,D72N,A0A1D6DZU6,N,0.002,0.002,0.007,0.001,0.003,0.0,0.0,0.004,0.002,0.001,0.001,0.001,0.001,0.001,0.001,0.0,0.0,0.002,0.001,0.0,0.001,0.001,0.006,0.0,0.002,0.0,0.0,0.002,0.001,0.001
EMS4-01287b,Zm00001d031871_T001,A824V,A0A1D6KLY8,V,0.012,0.04,0.005,0.177,0.0,0.0,0.0,0.0,0.0,0.0,0.012,0.053,0.005,0.148,0.0,0.0,0.0,0.0,0.0,0.0,0.0,0.013,0.0,0.029,0.0,0.0,0.0,0.0,0.0,0.0
EMS4-23a692,Zm00001d031871_T001,V705M,A0A1D6KLY8,M,0.0,0.0,0.0,0.002,0.0,0.0,0.0,0.0,0.0,0.0,0.0,0.0,0.0,0.003,0.0,0.0,0.0,0.0,0.0,0.0,0.0,0.0,0.0,0.001,0.0,0.0,0.0,0.0,0.0,0.0
EMS4-2ce7f8,Zm00001d031871_T001,P174L,A0A1D6KLY8,L,0.0,0.0,0.001,0.01,0.0,0.0,0.0,0.0,0.0,0.0,0.0,0.0,0.001,0.01,0.0,0.0,0.0,0.0,0.0,0.0,0.0,0.0,0.0,0.0,0.0,0.0,0.0,0.0,0.0,0.0
EMS4-23a6a1,Zm00001d031871_T001,T59M,A0A1D6KLY8,M,0.001,0.005,0.034,0.158,0.0,0.001,0.0,0.0,0.0,0.0,0.002,0.006,0.047,0.163,0.0,0.001,0.0,0.0,0.0,0.0,0.001,0.001,0.013,0.005,0.0,0.0,0.0,0.0,0.0,0.0
EMS4-012871,Zm00001d031871_T001,E1340K,A0A1D6KLY8,K,0.003,0.01,0.0,0.003,0.0,0.0,0.0,0.001,0.001,0.0,0.0,0.001,0.0,0.005,0.0,0.0,0.002,0.006,0.002,0.001,0.003,0.009,0.0,0.002,0.0,0.0,0.002,0.005,0.001,0.001
EMS4-012888,Zm00001d031871_T001,S459N,A0A1D6KLY8,N,0.032,0.02,0.004,0.137,0.0,0.003,0.0,0.0,0.0,0.0,0.013,0.01,0.003,0.1,0.0,0.004,0.0,0.0,0.0,0.0,0.019,0.01,0.001,0.037,0.0,0.001,0.0,0.0,0.0,0.0
EMS4-2ce7d2,Zm00001d031871_T001,V902M,A0A1D6KLY8,M,0.0,0.001,0.0,0.002,0.0,0.0,0.0,0.0,0.0,0.0,0.0,0.001,0.0,0.003,0.0,0.0,0.0,0.0,0.0,0.0,0.0,0.0,0.0,0.001,0.0,0.0,0.0,0.0,0.0,0.0
EMS4-2ce7ea,Zm00001d031871_T001,V542M,A0A1D6KLY8,M,0.0,0.0,0.0,0.0,0.001,0.0,0.0,0.0,0.0,0.0,0.0,0.0,0.0,0.001,0.001,0.0,0.0,0.0,0.0,0.0,0.0,0.0,0.0,0.001,0.0,0.0,0.0,0.0,0.0,0.0
EMS4-1e58fb,Zm00001d002349_T001,G225E,A0A1D6DZU6,E,0.002,0.015,0.075,0.074,0.129,0.081,0.0,0.001,0.001,0.0,0.002,0.034,0.097,0.109,0.156,0.116,0.0,0.001,0.001,0.0,0.0,0.019,0.022,0.035,0.027,0.035,0.0,0.0,0.0,0.0
EMS4-2ce7c0,Zm00001d031871_T001,R1304W,A0A1D6KLY8,W,0.0,0.001,0.0,0.001,0.0,0.0,0.001,0.001,0.001,0.001,0.0,0.001,0.0,0.002,0.0,0.0,0.001,0.001,0.001,0.001,0.0,0.0,0.0,0.001,0.0,0.0,0.0,0.0,0.0,0.0
EMS4-1e58f4,Zm00001d002349_T001,T587I,A0A1D6DZU6,I,0.0,0.0,0.001,0.002,0.0,0.0,0.0,0.0,0.0,0.0,0.0,0.0,0.0,0.002,0.0,0.0,0.0,0.0,0.0,0.0,0.0,0.0,0.001,0.0,0.0,0.0,0.0,0.0,0.0,0.0
EMS4-300818,Zm00001d002349_T001,L603F,A0A1D6DZU6,F,0.0,0.0,0.001,0.002,0.0,0.001,0.0,0.0,0.0,0.0,0.0,0.0,0.001,0.002,0.0,0.001,0.0,0.0,0.0,0.0,0.0,0.0,0.0,0.0,0.0,0.0,0.0,0.0,0.0,0.0
EMS4-0d2286,Zm00001d031871_T001,V947M,A0A1D6KLY8,M,0.0,0.003,0.0,0.001,0.0,0.0,0.0,0.0,0.0,0.0,0.0,0.002,0.0,0.001,0.0,0.0,0.0,0.0,0.0,0.0,0.0,0.001,0.0,0.0,0.0,0.0,0.0,0.0,0.0,0.0
EMS4-012879,Zm00001d031871_T001,A887V,A0A1D6KLY8,V,0.003,0.002,0.028,0.428,0.0,0.004,0.0,0.0,0.0,0.0,0.003,0.002,0.026,0.432,0.0,0.002,0.0,0.0,0.0,0.0,0.0,0.0,0.002,0.004,0.0,0.002,0.0,0.0,0.0,0.0
EMS4-0eb01f,Zm00001d002349_T001,S387L,A0A1D6DZU6,L,0.0,0.0,0.003,0.05,0.0,0.0,0.0,0.001,0.0,0.0,0.0,0.0,0.002,0.04,0.0,0.0,0.0,0.001,0.0,0.0,0.0,0.0,0.001,0.01,0.0,0.0,0.0,0.0,0.0,0.0
EMS4-0d2283,Zm00001d031871_T001,T1410I,A0A1D6KLY8,I,0.013,0.086,0.001,0.04,0.004,0.003,0.0,0.001,0.0,0.0,0.024,0.08,0.003,0.054,0.013,0.004,0.0,0.003,0.001,0.001,0.011,0.006,0.002,0.014,0.009,0.001,0.0,0.002,0.001,0.001
EMS4-0eb02c,Zm00001d002349_T001,E201K,A0A1D6DZU6,K,0.133,0.162,0.119,0.496,0.001,0.008,0.0,0.001,0.001,0.0,0.025,0.038,0.037,0.451,0.0,0.001,0.0,0.002,0.001,0.0,0.108,0.124,0.082,0.045,0.001,0.007,0.0,0.001,0.0,0.0
EMS4-2ce7f2,Zm00001d031871_T001,D353N,A0A1D6KLY8,N,0.023,0.106,0.0,0.098,0.0,0.0,0.0,0.0,0.0,0.0,0.013,0.047,0.0,0.108,0.0,0.0,0.0,0.002,0.001,0.0,0.01,0.059,0.0,0.01,0.0,0.0,0.0,0.002,0.001,0.0
EMS4-1e58f3,Zm00001d002349_T001,D613N,A0A1D6DZU6,N,0.0,0.001,0.002,0.048,0.007,0.001,0.0,0.001,0.0,0.0,0.0,0.001,0.024,0.138,0.007,0.0,0.002,0.005,0.001,0.001,0.0,0.0,0.022,0.09,0.0,0.001,0.002,0.004,0.001,0.001
EMS4-0d2287,Zm00001d031871_T001,E904K,A0A1D6KLY8,K,0.022,0.096,0.0,0.013,0.0,0.0,0.0,0.001,0.001,0.0,0.005,0.021,0.0,0.022,0.0,0.0,0.0,0.002,0.002,0.0,0.017,0.075,0.0,0.009,0.0,0.0,0.0,0.001,0.001,0.0
EMS4-250f80,Zm00001d002349_T001,L326F,A0A1D6DZU6,F,0.001,0.001,0.008,0.035,0.0,0.0,0.0,0.001,0.001,0.0,0.001,0.001,0.005,0.03,0.0,0.0,0.0,0.001,0.001,0.0,0.0,0.0,0.003,0.005,0.0,0.0,0.0,0.0,0.0,0.0
EMS4-2ce7d3,Zm00001d031871_T001,V861I,A0A1D6KLY8,I,0.0,0.0,0.001,0.019,0.0,0.0,0.0,0.0,0.0,0.0,0.0,0.0,0.001,0.019,0.0,0.0,0.0,0.0,0.0,0.0,0.0,0.0,0.0,0.0,0.0,0.0,0.0,0.0,0.0,0.0
EMS4-0d228d,Zm00001d031871_T001,A606V,A0A1D6KLY8,V,0.0,0.0,0.0,0.0,0.0,0.0,0.0,0.0,0.0,0.0,0.0,0.0,0.0,0.001,0.0,0.0,0.0,0.0,0.0,0.0,0.0,0.0,0.0,0.001,0.0,0.0,0.0,0.0,0.0,0.0
EMS4-012894,Zm00001d031871_T001,P44S,A0A1D6KLY8,S,0.003,0.011,0.0,0.143,0.0,0.001,0.0,0.0,0.0,0.0,0.002,0.008,0.0,0.148,0.0,0.001,0.0,0.0,0.0,0.0,0.001,0.003,0.0,0.005,0.0,0.0,0.0,0.0,0.0,0.0
EMS4-2ce7cc,Zm00001d031871_T001,G1040R,A0A1D6KLY8,R,0.001,0.001,0.0,0.003,0.0,0.0,0.0,0.0,0.0,0.0,0.001,0.001,0.0,0.003,0.0,0.0,0.0,0.0,0.0,0.0,0.0,0.0,0.0,0.0,0.0,0.0,0.0,0.0,0.0,0.0
EMS4-02f3be,Zm00001d002349_T001,D728N,A0A1D6DZU6,N,0.0,0.001,0.002,0.005,0.001,0.0,0.0,0.001,0.0,0.0,0.0,0.0,0.001,0.007,0.0,0.0,0.004,0.002,0.001,0.001,0.0,0.001,0.001,0.002,0.001,0.0,0.004,0.001,0.001,0.001
EMS4-2ce7f9,Zm00001d031871_T001,G145S,A0A1D6KLY8,S,0.0,0.0,0.001,0.017,0.0,0.001,0.0,0.0,0.0,0.0,0.0,0.0,0.001,0.011,0.0,0.001,0.0,0.0,0.0,0.0,0.0,0.0,0.0,0.006,0.0,0.0,0.0,0.0,0.0,0.0
EMS4-012896,Zm00001d031871_T001,P30L,A0A1D6KLY8,L,0.001,0.003,0.001,0.374,0.001,0.001,0.0,0.001,0.0,0.0,0.001,0.004,0.001,0.369,0.001,0.001,0.0,0.002,0.001,0.0,0.0,0.001,0.0,0.005,0.0,0.0,0.0,0.001,0.001,0.0
EMS4-1d64c6,Zm00001d031871_T001,S781F,A0A1D6KLY8,F,0.069,0.145,0.005,0.392,0.002,0.012,0.0,0.001,0.001,0.001,0.085,0.161,0.004,0.33,0.004,0.011,0.001,0.002,0.002,0.002,0.016,0.016,0.001,0.062,0.002,0.001,0.001,0.001,0.001,0.001
EMS4-2ce7f6,Zm00001d031871_T001,R264W,A0A1D6KLY8,W,0.003,0.01,0.0,0.007,0.0,0.0,0.0,0.002,0.001,0.001,0.003,0.009,0.0,0.008,0.0,0.0,0.0,0.002,0.001,0.001,0.0,0.001,0.0,0.001,0.0,0.0,0.0,0.0,0.0,0.0
EMS4-2ce7c7,Zm00001d031871_T001,R1208Q,A0A1D6KLY8,Q,0.0,0.0,0.0,0.001,0.001,0.0,0.0,0.003,0.001,0.0,0.0,0.0,0.0,0.001,0.001,0.0,0.0,0.001,0.0,0.0,0.0,0.0,0.0,0.0,0.0,0.0,0.0,0.002,0.001,0.0
EMS4-0eb026,Zm00001d002349_T001,L269F,A0A1D6DZU6,F,0.0,0.0,0.001,0.006,0.0,0.0,0.0,0.001,0.001,0.0,0.0,0.0,0.0,0.004,0.0,0.0,0.0,0.001,0.001,0.0,0.0,0.0,0.001,0.002,0.0,0.0,0.0,0.0,0.0,0.0
EMS4-0eb024,Zm00001d002349_T001,V285I,A0A1D6DZU6,I,0.002,0.002,0.003,0.003,0.0,0.0,0.0,0.001,0.001,0.0,0.002,0.002,0.002,0.004,0.0,0.0,0.0,0.001,0.001,0.0,0.0,0.0,0.001,0.001,0.0,0.0,0.0,0.0,0.0,0.0
EMS4-0d228e,Zm00001d031871_T001,E582K,A0A1D6KLY8,K,0.143,0.109,0.019,0.106,0.042,0.009,0.001,0.011,0.007,0.007,0.161,0.117,0.044,0.324,0.056,0.015,0.005,0.027,0.016,0.021,0.018,0.008,0.025,0.218,0.014,0.006,0.004,0.016,0.009,0.014
EMS4-30082e,Zm00001d002349_T001,E158K,A0A1D6DZU6,K,0.228,0.148,0.056,0.629,0.001,0.003,0.0,0.001,0.001,0.0,0.04,0.023,0.013,0.56,0.0,0.0,0.001,0.003,0.001,0.001,0.188,0.125,0.043,0.069,0.001,0.003,0.001,0.002,0.0,0.001
EMS4-02f3d5,Zm00001d002349_T001,G241E,A0A1D6DZU6,E,0.0,0.0,0.001,0.041,0.0,0.0,0.0,0.0,0.0,0.0,0.0,0.0,0.0,0.023,0.0,0.0,0.0,0.0,0.0,0.0,0.0,0.0,0.001,0.018,0.0,0.0,0.0,0.0,0.0,0.0
EMS4-02f3dc,Zm00001d002349_T001,S162F,A0A1D6DZU6,F,0.024,0.017,0.01,0.129,0.0,0.0,0.0,0.001,0.001,0.0,0.045,0.024,0.016,0.153,0.001,0.0,0.0,0.002,0.001,0.0,0.021,0.007,0.006,0.024,0.001,0.0,0.0,0.001,0.0,0.0
EMS4-1751c8,Zm00001d031871_T001,R510W,A0A1D6KLY8,W,0.006,0.02,0.001,0.063,0.295,0.012,0.0,0.003,0.003,0.001,0.007,0.027,0.001,0.08,0.467,0.031,0.0,0.002,0.002,0.001,0.001,0.007,0.0,0.017,0.172,0.019,0.0,0.001,0.001,0.0
EMS4-0eb028,Zm00001d002349_T001,S248F,A0A1D6DZU6,F,0.001,0.001,0.0,0.0,0.002,0.0,0.0,0.0,0.001,0.0,0.0,0.001,0.0,0.0,0.003,0.0,0.0,0.0,0.001,0.0,0.001,0.0,0.0,0.0,0.001,0.0,0.0,0.0,0.0,0.0
EMS4-012874,Zm00001d031871_T001,D1135N,A0A1D6KLY8,N,0.002,0.021,0.0,0.005,0.0,0.0,0.0,0.001,0.001,0.0,0.001,0.004,0.0,0.007,0.0,0.0,0.0,0.002,0.001,0.0,0.001,0.017,0.0,0.002,0.0,0.0,0.0,0.001,0.0,0.0
EMS4-012887,Zm00001d031871_T001,R467H,A0A1D6KLY8,H,0.071,0.136,0.011,0.216,0.0,0.002,0.001,0.0,0.0,0.0,0.089,0.185,0.014,0.318,0.0,0.001,0.0,0.0,0.0,0.0,0.018,0.049,0.003,0.102,0.0,0.001,0.001,0.0,0.0,0.0
EMS4-250f7d,Zm00001d002349_T001,G549E,A0A1D6DZU6,E,0.0,0.0,0.0,0.001,0.0,0.0,0.0,0.003,0.0,0.0,0.0,0.0,0.0,0.001,0.0,0.0,0.0,0.001,0.0,0.0,0.0,0.0,0.0,0.0,0.0,0.0,0.0,0.002,0.0,0.0
EMS4-02f3d2,Zm00001d002349_T001,A279T,A0A1D6DZU6,T,0.006,0.003,0.006,0.006,0.004,0.001,0.0,0.006,0.006,0.002,0.005,0.003,0.005,0.006,0.003,0.001,0.0,0.005,0.005,0.002,0.001,0.0,0.001,0.0,0.001,0.0,0.0,0.001,0.001,0.0
EMS4-2ce7bc,Zm00001d031871_T001,A1361V,A0A1D6KLY8,V,0.0,0.0,0.0,0.001,0.0,0.0,0.0,0.001,0.001,0.0,0.0,0.001,0.0,0.002,0.0,0.0,0.0,0.001,0.001,0.0,0.0,0.001,0.0,0.001,0.0,0.0,0.0,0.0,0.0,0.0
EMS4-1d64ca,Zm00001d031871_T001,T604M,A0A1D6KLY8,M,0.0,0.0,0.0,0.0,0.0,0.0,0.0,0.0,0.0,0.0,0.0,0.0,0.0,0.0,0.0,0.0,0.0,0.0,0.0,0.0,0.0,0.0,0.0,0.0,0.0,0.0,0.0,0.0,0.0,0.0
EMS4-012876,Zm00001d031871_T001,R978C,A0A1D6KLY8,C,0.002,0.002,0.02,0.382,0.0,0.0,0.0,0.0,0.0,0.0,0.002,0.003,0.023,0.466,0.0,0.0,0.0,0.0,0.0,0.0,0.0,0.001,0.003,0.084,0.0,0.0,0.0,0.0,0.0,0.0
EMS4-2ce7c5,Zm00001d031871_T001,A1248V,A0A1D6KLY8,V,0.0,0.0,0.0,0.002,0.0,0.0,0.0,0.002,0.001,0.0,0.0,0.0,0.0,0.002,0.0,0.0,0.0,0.002,0.0,0.0,0.0,0.0,0.0,0.0,0.0,0.0,0.0,0.0,0.001,0.0
EMS4-300821,Zm00001d002349_T001,D323N,A0A1D6DZU6,N,0.017,0.014,0.014,0.141,0.001,0.0,0.0,0.003,0.002,0.001,0.004,0.003,0.009,0.117,0.0,0.0,0.006,0.014,0.007,0.003,0.013,0.011,0.005,0.024,0.001,0.0,0.006,0.011,0.005,0.002
EMS4-012881,Zm00001d031871_T001,G712S,A0A1D6KLY8,S,0.0,0.0,0.0,0.002,0.011,0.001,0.0,0.0,0.0,0.0,0.0,0.0,0.0,0.002,0.01,0.001,0.0,0.0,0.0,0.0,0.0,0.0,0.0,0.0,0.001,0.0,0.0,0.0,0.0,0.0
EMS4-0eb02e,Zm00001d002349_T001,V186I,A0A1D6DZU6,I,0.0,0.0,0.009,0.35,0.0,0.0,0.0,0.001,0.0,0.0,0.0,0.0,0.008,0.368,0.0,0.0,0.0,0.001,0.0,0.0,0.0,0.0,0.001,0.018,0.0,0.0,0.0,0.0,0.0,0.0
EMS4-30081a,Zm00001d002349_T001,V541I,A0A1D6DZU6,I,0.0,0.0,0.0,0.0,0.014,0.003,0.0,0.0,0.0,0.0,0.0,0.0,0.0,0.0,0.014,0.002,0.0,0.0,0.0,0.0,0.0,0.0,0.0,0.0,0.0,0.001,0.0,0.0,0.0,0.0
EMS4-1d64c3,Zm00001d031871_T001,D1220N,A0A1D6KLY8,N,0.001,0.007,0.0,0.0,0.0,0.0,0.0,0.001,0.001,0.0,0.0,0.001,0.0,0.0,0.0,0.0,0.0,0.001,0.001,0.0,0.001,0.006,0.0,0.0,0.0,0.0,0.0,0.0,0.0,0.0
EMS4-2ce7cd,Zm00001d031871_T001,G1006R,A0A1D6KLY8,R,0.071,0.12,0.002,0.243,0.0,0.002,0.0,0.001,0.001,0.0,0.07,0.109,0.002,0.205,0.0,0.001,0.0,0.001,0.001,0.0,0.001,0.011,0.0,0.038,0.0,0.001,0.0,0.0,0.0,0.0
EMS4-0d2284,Zm00001d031871_T001,G1407R,A0A1D6KLY8,R,0.027,0.109,0.001,0.05,0.0,0.001,0.0,0.0,0.0,0.0,0.026,0.097,0.001,0.05,0.001,0.002,0.0,0.001,0.0,0.0,0.001,0.012,0.0,0.0,0.001,0.001,0.0,0.001,0.0,0.0
EMS4-1d64c9,Zm00001d031871_T001,G627S,A0A1D6KLY8,S,0.0,0.0,0.0,0.001,0.0,0.0,0.0,0.001,0.0,0.0,0.0,0.0,0.0,0.001,0.0,0.0,0.0,0.001,0.0,0.0,0.0,0.0,0.0,0.0,0.0,0.0,0.0,0.0,0.0,0.0
EMS4-02f3bd,Zm00001d002349_T001,L760F,A0A1D6DZU6,F,0.001,0.002,0.0,0.0,0.026,0.006,0.0,0.0,0.0,0.0,0.001,0.002,0.0,0.0,0.027,0.006,0.0,0.0,0.0,0.0,0.0,0.0,0.0,0.0,0.001,0.0,0.0,0.0,0.0,0.0
EMS4-0eb029,Zm00001d002349_T001,G223E,A0A1D6DZU6,E,0.004,0.013,0.07,0.1,0.014,0.051,0.0,0.001,0.001,0.0,0.006,0.021,0.082,0.123,0.029,0.094,0.0,0.0,0.0,0.0,0.002,0.008,0.012,0.023,0.015,0.043,0.0,0.001,0.001,0.0
EMS4-2ce7dc,Zm00001d031871_T001,G636D,A0A1D6KLY8,D,0.016,0.029,0.004,0.234,0.0,0.001,0.0,0.002,0.002,0.001,0.027,0.042,0.007,0.396,0.001,0.001,0.0,0.002,0.002,0.001,0.011,0.013,0.003,0.162,0.001,0.0,0.0,0.0,0.0,0.0
EMS4-1e58f5,Zm00001d002349_T001,A527V,A0A1D6DZU6,V,0.0,0.0,0.0,0.001,0.0,0.001,0.0,0.0,0.0,0.0,0.0,0.0,0.0,0.001,0.0,0.001,0.0,0.0,0.0,0.0,0.0,0.0,0.0,0.0,0.0,0.0,0.0,0.0,0.0,0.0
EMS4-012893,Zm00001d031871_T001,G50R,A0A1D6KLY8,R,0.001,0.004,0.012,0.251,0.0,0.001,0.0,0.0,0.0,0.0,0.001,0.004,0.006,0.25,0.0,0.0,0.0,0.001,0.0,0.0,0.0,0.0,0.006,0.001,0.0,0.001,0.0,0.001,0.0,0.0
EMS4-012878,Zm00001d031871_T001,D929N,A0A1D6KLY8,N,0.066,0.117,0.001,0.047,0.003,0.003,0.0,0.005,0.008,0.002,0.017,0.037,0.002,0.068,0.002,0.001,0.002,0.011,0.007,0.003,0.049,0.08,0.001,0.021,0.001,0.002,0.002,0.006,0.001,0.001
EMS4-18367e,Zm00001d002349_T001,P247L,A0A1D6DZU6,L,0.0,0.0,0.0,0.001,0.0,0.0,0.0,0.001,0.001,0.0,0.0,0.0,0.0,0.001,0.0,0.0,0.0,0.001,0.001,0.0,0.0,0.0,0.0,0.0,0.0,0.0,0.0,0.0,0.0,0.0
EMS4-300832,Zm00001d002349_T001,E51K,A0A1D6DZU6,K,0.004,0.007,0.009,0.031,0.0,0.002,0.0,0.0,0.0,0.0,0.001,0.001,0.005,0.068,0.0,0.0,0.001,0.002,0.0,0.0,0.003,0.006,0.004,0.037,0.0,0.002,0.001,0.002,0.0,0.0
EMS4-012870,Zm00001d031871_T001,S1379L,A0A1D6KLY8,L,0.005,0.013,0.001,0.043,0.0,0.0,0.0,0.001,0.0,0.0,0.007,0.03,0.001,0.032,0.0,0.0,0.0,0.001,0.001,0.0,0.002,0.017,0.0,0.011,0.0,0.0,0.0,0.0,0.001,0.0
EMS4-23a68f,Zm00001d031871_T001,E1112K,A0A1D6KLY8,K,0.618,0.441,0.136,0.651,0.011,0.091,0.0,0.0,0.001,0.0,0.363,0.283,0.063,0.672,0.002,0.005,0.0,0.001,0.001,0.0,0.255,0.158,0.073,0.021,0.009,0.086,0.0,0.001,0.0,0.0
EMS4-2ce7d0,Zm00001d031871_T001,A963V,A0A1D6KLY8,V,0.062,0.04,0.001,0.15,0.0,0.001,0.0,0.0,0.0,0.0,0.043,0.035,0.001,0.169,0.0,0.001,0.0,0.0,0.0,0.0,0.019,0.005,0.0,0.019,0.0,0.0,0.0,0.0,0.0,0.0
EMS4-0d2285,Zm00001d031871_T001,A1183V,A0A1D6KLY8,V,0.0,0.0,0.0,0.0,0.0,0.0,0.0,0.0,0.0,0.0,0.0,0.0,0.0,0.0,0.0,0.0,0.0,0.0,0.0,0.0,0.0,0.0,0.0,0.0,0.0,0.0,0.0,0.0,0.0,0.0
EMS4-012892,Zm00001d031871_T001,L355F,A0A1D6KLY8,F,0.009,0.145,0.0,0.034,0.0,0.0,0.0,0.0,0.001,0.0,0.01,0.145,0.0,0.033,0.0,0.0,0.0,0.0,0.0,0.0,0.001,0.0,0.0,0.001,0.0,0.0,0.0,0.0,0.001,0.0
EMS4-2ce7cf,Zm00001d031871_T001,A968V,A0A1D6KLY8,V,0.0,0.001,0.0,0.005,0.0,0.001,0.0,0.0,0.0,0.0,0.0,0.0,0.0,0.003,0.0,0.001,0.0,0.0,0.0,0.0,0.0,0.001,0.0,0.002,0.0,0.0,0.0,0.0,0.0,0.0
EMS4-183684,Zm00001d002349_T001,A74V,A0A1D6DZU6,V,0.0,0.0,0.0,0.0,0.0,0.0,0.0,0.0,0.0,0.0,0.0,0.0,0.0,0.0,0.001,0.0,0.0,0.0,0.0,0.0,0.0,0.0,0.0,0.0,0.001,0.0,0.0,0.0,0.0,0.0
EMS4-2ce7c1,Zm00001d031871_T001,R1293C,A0A1D6KLY8,C,0.042,0.123,0.004,0.285,0.0,0.001,0.001,0.003,0.002,0.001,0.067,0.172,0.003,0.385,0.001,0.001,0.0,0.003,0.002,0.001,0.025,0.049,0.001,0.1,0.001,0.0,0.001,0.0,0.0,0.0
EMS4-2ce7d4,Zm00001d031871_T001,S841F,A0A1D6KLY8,F,0.002,0.002,0.0,0.006,0.0,0.0,0.0,0.0,0.0,0.0,0.002,0.002,0.0,0.004,0.0,0.0,0.0,0.0,0.0,0.0,0.0,0.0,0.0,0.002,0.0,0.0,0.0,0.0,0.0,0.0
EMS4-183678,Zm00001d002349_T001,R505Q,A0A1D6DZU6,Q,0.058,0.11,0.019,0.014,0.296,0.057,0.003,0.038,0.042,0.064,0.142,0.257,0.028,0.017,0.535,0.112,0.003,0.041,0.043,0.077,0.084,0.147,0.009,0.003,0.239,0.055,0.0,0.003,0.001,0.013
EMS4-300824,Zm00001d002349_T001,S245N,A0A1D6DZU6,N,0.023,0.013,0.016,0.044,0.003,0.002,0.0,0.015,0.014,0.002,0.014,0.009,0.013,0.035,0.002,0.001,0.0,0.012,0.012,0.002,0.009,0.004,0.003,0.009,0.001,0.001,0.0,0.003,0.002,0.0
EMS4-012882,Zm00001d031871_T001,T690I,A0A1D6KLY8,I,0.0,0.0,0.0,0.0,0.0,0.0,0.0,0.0,0.0,0.0,0.0,0.0,0.0,0.0,0.0,0.0,0.0,0.0,0.0,0.0,0.0,0.0,0.0,0.0,0.0,0.0,0.0,0.0,0.0,0.0
EMS4-2ce7da,Zm00001d031871_T001,D721N,A0A1D6KLY8,N,0.002,0.001,0.001,0.02,0.0,0.0,0.0,0.001,0.0,0.0,0.001,0.001,0.001,0.03,0.0,0.0,0.001,0.002,0.001,0.0,0.001,0.0,0.0,0.01,0.0,0.0,0.001,0.001,0.001,0.0
EMS4-183672,Zm00001d002349_T001,V729M,A0A1D6DZU6,M,0.0,0.0,0.008,0.03,0.0,0.0,0.0,0.0,0.0,0.0,0.0,0.0,0.008,0.042,0.0,0.0,0.0,0.0,0.0,0.0,0.0,0.0,0.0,0.012,0.0,0.0,0.0,0.0,0.0,0.0
EMS4-2ce7c4,Zm00001d031871_T001,E1268K,A0A1D6KLY8,K,0.0,0.001,0.0,0.001,0.0,0.0,0.0,0.001,0.0,0.0,0.0,0.0,0.0,0.002,0.0,0.0,0.001,0.004,0.001,0.0,0.0,0.001,0.0,0.001,0.0,0.0,0.001,0.003,0.001,0.0
EMS4-0eb019,Zm00001d002349_T001,S460F,A0A1D6DZU6,F,0.013,0.019,0.02,0.012,0.031,0.007,0.0,0.002,0.001,0.0,0.014,0.023,0.031,0.009,0.024,0.005,0.0,0.004,0.002,0.001,0.001,0.004,0.011,0.003,0.007,0.002,0.0,0.002,0.001,0.001
EMS4-012895,Zm00001d031871_T001,A41V,A0A1D6KLY8,V,0.001,0.005,0.0,0.04,0.0,0.001,0.0,0.0,0.0,0.0,0.003,0.007,0.0,0.051,0.0,0.001,0.0,0.0,0.0,0.0,0.002,0.002,0.0,0.011,0.0,0.0,0.0,0.0,0.0,0.0
EMS4-183676,Zm00001d002349_T001,S596F,A0A1D6DZU6,F,0.0,0.0,0.001,0.001,0.0,0.001,0.0,0.0,0.0,0.0,0.0,0.0,0.001,0.001,0.0,0.002,0.0,0.0,0.0,0.0,0.0,0.0,0.0,0.0,0.0,0.001,0.0,0.0,0.0,0.0
EMS4-23a69e,Zm00001d031871_T001,A146T,A0A1D6KLY8,T,0.0,0.0,0.0,0.002,0.0,0.001,0.0,0.0,0.0,0.0,0.0,0.0,0.0,0.002,0.0,0.001,0.0,0.0,0.0,0.0,0.0,0.0,0.0,0.0,0.0,0.0,0.0,0.0,0.0,0.0
EMS4-1e58fc,Zm00001d002349_T001,A206V,A0A1D6DZU6,V,0.017,0.032,0.116,0.601,0.001,0.001,0.0,0.001,0.001,0.0,0.016,0.027,0.141,0.65,0.001,0.001,0.0,0.001,0.001,0.0,0.001,0.005,0.025,0.049,0.0,0.0,0.0,0.0,0.0,0.0
EMS4-2ce7c8,Zm00001d031871_T001,V1145M,A0A1D6KLY8,M,0.0,0.001,0.0,0.006,0.0,0.0,0.0,0.008,0.001,0.001,0.0,0.001,0.0,0.005,0.0,0.0,0.0,0.006,0.001,0.001,0.0,0.0,0.0,0.001,0.0,0.0,0.0,0.002,0.0,0.0
EMS4-23a68c,Zm00001d031871_T001,A1231T,A0A1D6KLY8,T,0.0,0.0,0.0,0.0,0.0,0.0,0.0,0.001,0.0,0.0,0.0,0.0,0.0,0.001,0.0,0.0,0.0,0.001,0.0,0.0,0.0,0.0,0.0,0.001,0.0,0.0,0.0,0.0,0.0,0.0
EMS4-2ce7dd,Zm00001d031871_T001,G633E,A0A1D6KLY8,E,0.003,0.004,0.0,0.028,0.0,0.0,0.0,0.0,0.001,0.0,0.008,0.007,0.001,0.068,0.0,0.0,0.0,0.0,0.001,0.0,0.005,0.003,0.001,0.04,0.0,0.0,0.0,0.0,0.0,0.0
EMS4-2ce7f4,Zm00001d031871_T001,G338E,A0A1D6KLY8,E,0.109,0.206,0.065,0.729,0.001,0.021,0.0,0.0,0.0,0.0,0.087,0.183,0.041,0.666,0.001,0.01,0.0,0.0,0.0,0.0,0.022,0.023,0.024,0.063,0.0,0.011,0.0,0.0,0.0,0.0
EMS4-012891,Zm00001d031871_T001,G419R,A0A1D6KLY8,R,0.001,0.001,0.041,0.132,0.0,0.018,0.0,0.0,0.0,0.0,0.001,0.001,0.044,0.138,0.0,0.018,0.0,0.0,0.0,0.0,0.0,0.0,0.003,0.006,0.0,0.0,0.0,0.0,0.0,0.0
EMS4-01287f,Zm00001d031871_T001,R737C,A0A1D6KLY8,C,0.009,0.007,0.001,0.028,0.0,0.001,0.001,0.001,0.001,0.001,0.008,0.007,0.001,0.037,0.0,0.0,0.0,0.001,0.0,0.0,0.001,0.0,0.0,0.009,0.0,0.001,0.001,0.0,0.001,0.001
EMS4-23a699,Zm00001d031871_T001,T326M,A0A1D6KLY8,M,0.0,0.0,0.001,0.009,0.0,0.004,0.0,0.0,0.0,0.0,0.0,0.0,0.001,0.007,0.0,0.003,0.0,0.0,0.0,0.0,0.0,0.0,0.0,0.002,0.0,0.001,0.0,0.0,0.0,0.0
EMS4-2ce7f7,Zm00001d031871_T001,G192E,A0A1D6KLY8,E,0.0,0.0,0.003,0.039,0.0,0.001,0.0,0.0,0.0,0.0,0.0,0.0,0.002,0.027,0.0,0.002,0.0,0.0,0.0,0.0,0.0,0.0,0.001,0.012,0.0,0.001,0.0,0.0,0.0,0.0
EMS4-300816,Zm00001d002349_T001,V678M,A0A1D6DZU6,M,0.0,0.0,0.0,0.0,0.0,0.001,0.0,0.0,0.0,0.0,0.0,0.0,0.0,0.0,0.001,0.001,0.0,0.0,0.0,0.0,0.0,0.0,0.0,0.0,0.001,0.0,0.0,0.0,0.0,0.0
EMS4-2ce7f5,Zm00001d031871_T001,G315R,A0A1D6KLY8,R,0.0,0.0,0.0,0.005,0.0,0.0,0.0,0.0,0.0,0.0,0.0,0.0,0.0,0.003,0.0,0.0,0.0,0.0,0.0,0.0,0.0,0.0,0.0,0.002,0.0,0.0,0.0,0.0,0.0,0.0
EMS4-0eb01d,Zm00001d002349_T001,S417L,A0A1D6DZU6,L,0.008,0.009,0.008,0.143,0.001,0.0,0.0,0.001,0.0,0.0,0.018,0.015,0.008,0.137,0.001,0.0,0.0,0.001,0.001,0.0,0.01,0.006,0.0,0.006,0.0,0.0,0.0,0.0,0.001,0.0
EMS4-2ce7fa,Zm00001d031871_T001,P87S,A0A1D6KLY8,S,0.001,0.002,0.0,0.004,0.0,0.0,0.0,0.0,0.0,0.0,0.001,0.002,0.0,0.005,0.0,0.0,0.0,0.0,0.0,0.0,0.0,0.0,0.0,0.001,0.0,0.0,0.0,0.0,0.0,0.0
EMS4-0eb00f,Zm00001d002349_T001,S765F,A0A1D6DZU6,F,0.001,0.001,0.001,0.016,0.0,0.0,0.0,0.001,0.0,0.0,0.002,0.002,0.001,0.011,0.001,0.0,0.0,0.001,0.0,0.0,0.001,0.001,0.0,0.005,0.001,0.0,0.0,0.0,0.0,0.0
EMS4-0eb015,Zm00001d002349_T001,E621K,A0A1D6DZU6,K,0.011,0.034,0.009,0.004,0.367,0.089,0.009,0.032,0.078,0.096,0.009,0.034,0.007,0.006,0.32,0.057,0.017,0.056,0.142,0.157,0.002,0.0,0.002,0.002,0.047,0.032,0.008,0.024,0.064,0.061
EMS4-012877,Zm00001d031871_T001,R954H,A0A1D6KLY8,H,0.248,0.273,0.004,0.492,0.001,0.002,0.008,0.001,0.002,0.002,0.326,0.309,0.004,0.487,0.0,0.003,0.0,0.0,0.001,0.0,0.078,0.036,0.0,0.005,0.001,0.001,0.008,0.001,0.001,0.002
EMS4-2ce7ec,Zm00001d031871_T001,S535F,A0A1D6KLY8,F,0.013,0.034,0.018,0.017,0.953,0.41,0.0,0.002,0.012,0.006,0.023,0.053,0.018,0.026,0.961,0.414,0.0,0.002,0.011,0.005,0.01,0.019,0.0,0.009,0.008,0.004,0.0,0.0,0.001,0.001
EMS4-0eb00e,Zm00001d002349_T001,E775K,A0A1D6DZU6,K,0.035,0.032,0.002,0.018,0.009,0.002,0.0,0.0,0.0,0.0,0.007,0.006,0.001,0.016,0.002,0.001,0.001,0.001,0.0,0.0,0.028,0.026,0.001,0.002,0.007,0.001,0.001,0.001,0.0,0.0
EMS4-012890,Zm00001d031871_T001,G436S,A0A1D6KLY8,S,0.0,0.0,0.0,0.003,0.0,0.0,0.0,0.0,0.0,0.0,0.0,0.0,0.0,0.003,0.0,0.0,0.0,0.0,0.0,0.0,0.0,0.0,0.0,0.0,0.0,0.0,0.0,0.0,0.0,0.0
EMS4-1e58f1,Zm00001d002349_T001,S713F,A0A1D6DZU6,F,0.001,0.001,0.004,0.085,0.0,0.0,0.0,0.0,0.0,0.0,0.001,0.0,0.005,0.067,0.0,0.0,0.0,0.0,0.0,0.0,0.0,0.001,0.001,0.018,0.0,0.0,0.0,0.0,0.0,0.0
EMS4-1d64ce,Zm00001d031871_T001,A123T,A0A1D6KLY8,T,0.02,0.102,0.002,0.047,0.0,0.0,0.0,0.0,0.0,0.0,0.017,0.075,0.002,0.058,0.0,0.0,0.0,0.0,0.0,0.0,0.003,0.027,0.0,0.011,0.0,0.0,0.0,0.0,0.0,0.0
EMS4-02f3c4,Zm00001d002349_T001,T586I,A0A1D6DZU6,I,0.0,0.0,0.005,0.007,0.001,0.002,0.0,0.001,0.001,0.0,0.0,0.0,0.003,0.006,0.001,0.002,0.0,0.001,0.001,0.001,0.0,0.0,0.002,0.001,0.0,0.0,0.0,0.0,0.0,0.001
EMS4-0eb018,Zm00001d002349_T001,A471V,A0A1D6DZU6,V,0.0,0.0,0.0,0.0,0.0,0.0,0.0,0.0,0.0,0.0,0.0,0.0,0.0,0.0,0.0,0.0,0.0,0.0,0.0,0.0,0.0,0.0,0.0,0.0,0.0,0.0,0.0,0.0,0.0,0.0
EMS4-012872,Zm00001d031871_T001,P1151S,A0A1D6KLY8,S,0.0,0.002,0.0,0.0,0.0,0.0,0.0,0.0,0.0,0.0,0.0,0.001,0.0,0.0,0.0,0.0,0.0,0.0,0.0,0.0,0.0,0.001,0.0,0.0,0.0,0.0,0.0,0.0,0.0,0.0
EMS4-2ce7d8,Zm00001d031871_T001,R756K,A0A1D6KLY8,K,0.056,0.196,0.001,0.1,0.001,0.003,0.0,0.001,0.001,0.0,0.065,0.215,0.001,0.144,0.002,0.005,0.0,0.001,0.001,0.0,0.009,0.019,0.0,0.044,0.001,0.002,0.0,0.0,0.0,0.0
EMS4-2ce7d1,Zm00001d031871_T001,V936M,A0A1D6KLY8,M,0.002,0.046,0.0,0.003,0.0,0.0,0.0,0.001,0.0,0.0,0.001,0.024,0.0,0.003,0.0,0.0,0.0,0.0,0.0,0.0,0.001,0.022,0.0,0.0,0.0,0.0,0.0,0.001,0.0,0.0
EMS4-0d2288,Zm00001d031871_T001,E873K,A0A1D6KLY8,K,0.005,0.011,0.061,0.538,0.0,0.001,0.0,0.0,0.0,0.0,0.002,0.002,0.03,0.374,0.0,0.0,0.0,0.0,0.0,0.0,0.003,0.009,0.031,0.164,0.0,0.001,0.0,0.0,0.0,0.0
EMS4-1e5900,Zm00001d002349_T001,E199K,A0A1D6DZU6,K,0.035,0.106,0.31,0.793,0.003,0.015,0.0,0.001,0.001,0.0,0.005,0.011,0.135,0.706,0.001,0.002,0.01,0.003,0.003,0.005,0.03,0.095,0.175,0.087,0.002,0.013,0.01,0.002,0.002,0.005
EMS4-0d2293,Zm00001d031871_T001,P92L,A0A1D6KLY8,L,0.0,0.002,0.001,0.002,0.0,0.001,0.0,0.0,0.0,0.0,0.0,0.001,0.001,0.002,0.0,0.001,0.0,0.0,0.0,0.0,0.0,0.001,0.0,0.0,0.0,0.0,0.0,0.0,0.0,0.0
EMS4-2ce7d7,Zm00001d031871_T001,S790F,A0A1D6KLY8,F,0.05,0.128,0.001,0.093,0.001,0.003,0.0,0.001,0.001,0.0,0.051,0.155,0.001,0.082,0.001,0.003,0.0,0.001,0.001,0.0,0.001,0.027,0.0,0.011,0.0,0.0,0.0,0.0,0.0,0.0
EMS4-012886,Zm00001d031871_T001,G496E,A0A1D6KLY8,E,0.0,0.0,0.0,0.0,0.0,0.0,0.0,0.0,0.0,0.0,0.0,0.0,0.0,0.0,0.0,0.0,0.0,0.0,0.0,0.0,0.0,0.0,0.0,0.0,0.0,0.0,0.0,0.0,0.0,0.0
EMS4-0d2291,Zm00001d031871_T001,R430C,A0A1D6KLY8,C,0.006,0.006,0.012,0.192,0.0,0.004,0.013,0.001,0.001,0.002,0.008,0.008,0.015,0.226,0.0,0.002,0.001,0.001,0.0,0.0,0.002,0.002,0.003,0.034,0.0,0.002,0.012,0.0,0.001,0.002
EMS4-30082d,Zm00001d002349_T001,G172D,A0A1D6DZU6,D,0.003,0.016,0.031,0.07,0.035,0.032,0.0,0.001,0.001,0.0,0.007,0.028,0.059,0.116,0.044,0.056,0.0,0.0,0.0,0.0,0.004,0.012,0.028,0.046,0.009,0.024,0.0,0.001,0.001,0.0
EMS4-250f79,Zm00001d002349_T001,R731K,A0A1D6DZU6,K,0.0,0.0,0.0,0.001,0.0,0.0,0.001,0.001,0.0,0.0,0.0,0.0,0.0,0.001,0.0,0.0,0.001,0.0,0.0,0.0,0.0,0.0,0.0,0.0,0.0,0.0,0.0,0.001,0.0,0.0
EMS4-012873,Zm00001d031871_T001,V1140M,A0A1D6KLY8,M,0.0,0.0,0.0,0.001,0.0,0.0,0.0,0.002,0.001,0.0,0.0,0.0,0.0,0.001,0.0,0.0,0.0,0.002,0.001,0.0,0.0,0.0,0.0,0.0,0.0,0.0,0.0,0.0,0.0,0.0
EMS4-18367f,Zm00001d002349_T001,M217I,A0A1D6DZU6,I,0.023,0.049,0.165,0.422,0.001,0.004,0.0,0.0,0.0,0.0,0.021,0.044,0.179,0.435,0.001,0.003,0.0,0.0,0.0,0.0,0.002,0.005,0.014,0.013,0.0,0.001,0.0,0.0,0.0,0.0
EMS4-2d6a5b,Zm00001d032961_T003,L235F,A0A1D6KV46,F,0.0,0.0,0.0,0.005,0.0,0.0,0.0,0.0,0.0,0.0,0.0,0.0,0.0,0.002,0.0,0.0,0.0,0.0,0.0,0.0,0.0,0.0,0.0,0.003,0.0,0.0,0.0,0.0,0.0,0.0
EMS4-17739d,Zm00001d032961_T003,S498F,A0A1D6KV46,F,0.0,0.0,0.001,0.004,0.0,0.0,0.0,0.0,0.0,0.0,0.0,0.0,0.0,0.001,0.0,0.0,0.0,0.0,0.0,0.0,0.0,0.0,0.001,0.003,0.0,0.0,0.0,0.0,0.0,0.0
EMS4-016cf9,Zm00001d032961_T003,R207H,A0A1D6KV46,H,0.0,0.001,0.001,0.046,0.0,0.0,0.023,0.004,0.004,0.007,0.001,0.001,0.001,0.077,0.0,0.0,0.0,0.001,0.001,0.0,0.001,0.0,0.0,0.031,0.0,0.0,0.023,0.003,0.003,0.007
EMS4-1d8c3b,Zm00001d032961_T003,P627S,A0A1D6KV46,S,0.005,0.029,0.006,0.003,0.007,0.001,0.0,0.002,0.001,0.0,0.0,0.001,0.001,0.003,0.0,0.0,0.0,0.002,0.001,0.0,0.005,0.028,0.005,0.0,0.007,0.001,0.0,0.0,0.0,0.0
EMS4-1d8c37,Zm00001d032961_T003,P190L,A0A1D6KV46,L,0.001,0.004,0.006,0.048,0.003,0.001,0.0,0.001,0.0,0.0,0.001,0.005,0.002,0.03,0.007,0.0,0.0,0.001,0.0,0.0,0.0,0.001,0.004,0.018,0.004,0.001,0.0,0.0,0.0,0.0
EMS4-177396,Zm00001d032961_T003,D175N,A0A1D6KV46,N,0.003,0.002,0.002,0.005,0.001,0.0,0.0,0.013,0.007,0.001,0.001,0.002,0.002,0.009,0.002,0.0,0.0,0.024,0.012,0.001,0.002,0.0,0.0,0.004,0.001,0.0,0.0,0.011,0.005,0.0
EMS4-016ceb,Zm00001d032961_T003,P72S,A0A1D6KV46,S,0.051,0.021,0.003,0.041,0.001,0.005,0.0,0.0,0.001,0.0,0.011,0.002,0.018,0.052,0.0,0.001,0.0,0.0,0.0,0.0,0.04,0.019,0.015,0.011,0.001,0.004,0.0,0.0,0.001,0.0
EMS4-016cfe,Zm00001d032961_T003,A288V,A0A1D6KV46,V,0.0,0.0,0.001,0.019,0.0,0.0,0.0,0.0,0.0,0.0,0.0,0.0,0.0,0.015,0.0,0.0,0.0,0.0,0.0,0.0,0.0,0.0,0.001,0.004,0.0,0.0,0.0,0.0,0.0,0.0
EMS4-0d5ee4,Zm00001d032961_T003,G475R,A0A1D6KV46,R,0.008,0.004,0.008,0.109,0.002,0.001,0.0,0.0,0.0,0.0,0.0,0.0,0.002,0.089,0.0,0.0,0.0,0.0,0.0,0.0,0.008,0.004,0.006,0.02,0.002,0.001,0.0,0.0,0.0,0.0
EMS4-0d5ede,Zm00001d032961_T003,G335R,A0A1D6KV46,R,0.033,0.179,0.039,0.231,0.176,0.093,0.0,0.002,0.002,0.001,0.024,0.081,0.027,0.096,0.02,0.048,0.0,0.0,0.0,0.0,0.009,0.098,0.012,0.135,0.156,0.045,0.0,0.002,0.002,0.001
EMS4-0d5edf,Zm00001d032961_T003,G386R,A0A1D6KV46,R,0.001,0.001,0.0,0.034,0.0,0.0,0.0,0.001,0.001,0.0,0.0,0.0,0.0,0.003,0.0,0.0,0.0,0.0,0.0,0.0,0.001,0.001,0.0,0.031,0.0,0.0,0.0,0.001,0.001,0.0
EMS4-2d6a5f,Zm00001d032961_T003,V294I,A0A1D6KV46,I,0.0,0.001,0.003,0.463,0.0,0.0,0.0,0.001,0.0,0.0,0.0,0.001,0.002,0.41,0.0,0.0,0.0,0.001,0.0,0.0,0.0,0.0,0.001,0.053,0.0,0.0,0.0,0.0,0.0,0.0
EMS4-2d6a70,Zm00001d032961_T003,S883F,A0A1D6KV46,F,0.005,0.004,0.01,0.025,0.002,0.01,0.0,0.0,0.001,0.0,0.001,0.002,0.001,0.027,0.0,0.0,0.0,0.001,0.002,0.0,0.004,0.002,0.009,0.002,0.002,0.01,0.0,0.001,0.001,0.0
EMS4-0d5edc,Zm00001d032961_T003,R289K,A0A1D6KV46,K,0.006,0.014,0.004,0.381,0.001,0.0,0.0,0.001,0.001,0.0,0.007,0.019,0.004,0.42,0.001,0.0,0.0,0.001,0.001,0.0,0.001,0.005,0.0,0.039,0.0,0.0,0.0,0.0,0.0,0.0
EMS4-1773a4,Zm00001d032961_T003,C802Y,A0A1D6KV46,Y,0.016,0.018,0.266,0.592,0.015,0.024,0.0,0.001,0.001,0.001,0.001,0.002,0.061,0.186,0.006,0.006,0.013,0.001,0.002,0.002,0.015,0.016,0.205,0.406,0.009,0.018,0.013,0.0,0.001,0.001
EMS4-2d6a39,Zm00001d032961_T003,G54R,A0A1D6KV46,R,0.114,0.169,0.002,0.08,0.003,0.009,0.0,0.001,0.001,0.0,0.048,0.03,0.002,0.186,0.001,0.001,0.0,0.0,0.0,0.0,0.066,0.139,0.0,0.106,0.002,0.008,0.0,0.001,0.001,0.0
EMS4-2d6a5a,Zm00001d032961_T003,R230H,A0A1D6KV46,H,0.001,0.001,0.001,0.029,0.0,0.0,0.004,0.002,0.003,0.002,0.001,0.0,0.001,0.086,0.0,0.0,0.0,0.001,0.001,0.0,0.0,0.001,0.0,0.057,0.0,0.0,0.004,0.001,0.002,0.002
EMS4-2d6a6b,Zm00001d032961_T003,S815F,A0A1D6KV46,F,0.004,0.004,0.009,0.159,0.001,0.002,0.0,0.001,0.001,0.0,0.001,0.002,0.003,0.08,0.0,0.0,0.0,0.002,0.001,0.001,0.003,0.002,0.006,0.079,0.001,0.002,0.0,0.001,0.0,0.001
EMS4-016cff,Zm00001d032961_T003,G292D,A0A1D6KV46,D,0.001,0.002,0.008,0.423,0.001,0.0,0.0,0.013,0.002,0.001,0.0,0.001,0.003,0.293,0.001,0.0,0.0,0.001,0.0,0.0,0.001,0.001,0.005,0.13,0.0,0.0,0.0,0.012,0.002,0.001
EMS4-1773a1,Zm00001d032961_T003,H666Y,A0A1D6KV46,Y,0.0,0.0,0.001,0.002,0.0,0.0,0.0,0.001,0.001,0.0,0.001,0.001,0.001,0.002,0.001,0.001,0.057,0.007,0.01,0.017,0.001,0.001,0.0,0.0,0.001,0.001,0.057,0.006,0.009,0.017
EMS4-016d00,Zm00001d032961_T003,A308T,A0A1D6KV46,T,0.027,0.033,0.004,0.454,0.0,0.0,0.0,0.0,0.001,0.0,0.019,0.025,0.004,0.451,0.0,0.0,0.0,0.0,0.0,0.0,0.008,0.008,0.0,0.003,0.0,0.0,0.0,0.0,0.001,0.0
EMS4-0d5efc,Zm00001d032961_T003,A840T,A0A1D6KV46,T,0.0,0.0,0.002,0.001,0.0,0.001,0.0,0.0,0.0,0.0,0.0,0.0,0.002,0.002,0.0,0.002,0.0,0.0,0.0,0.0,0.0,0.0,0.0,0.001,0.0,0.001,0.0,0.0,0.0,0.0
EMS4-016ce9,Zm00001d032961_T003,G45E,A0A1D6KV46,E,0.026,0.021,0.001,0.22,0.001,0.0,0.0,0.003,0.0,0.0,0.101,0.06,0.001,0.188,0.002,0.0,0.0,0.001,0.0,0.0,0.075,0.039,0.0,0.032,0.001,0.0,0.0,0.002,0.0,0.0
EMS4-016d0f,Zm00001d032961_T003,D629N,A0A1D6KV46,N,0.002,0.003,0.013,0.001,0.059,0.009,0.0,0.004,0.008,0.002,0.0,0.0,0.001,0.001,0.0,0.0,0.001,0.008,0.004,0.002,0.002,0.003,0.012,0.0,0.059,0.009,0.001,0.004,0.004,0.0
EMS4-0d5edb,Zm00001d032961_T003,E247K,A0A1D6KV46,K,0.0,0.001,0.001,0.099,0.0,0.0,0.0,0.001,0.001,0.0,0.0,0.0,0.001,0.093,0.0,0.0,0.001,0.002,0.002,0.001,0.0,0.001,0.0,0.006,0.0,0.0,0.001,0.001,0.001,0.001
EMS4-2d6a52,Zm00001d032961_T003,P110S,A0A1D6KV46,S,0.04,0.04,0.036,0.264,0.002,0.009,0.001,0.001,0.001,0.001,0.146,0.088,0.015,0.269,0.002,0.007,0.0,0.0,0.0,0.0,0.106,0.048,0.021,0.005,0.0,0.002,0.001,0.001,0.001,0.001
EMS4-016d07,Zm00001d032961_T003,G540S,A0A1D6KV46,S,0.01,0.01,0.001,0.007,0.002,0.002,0.0,0.0,0.001,0.0,0.001,0.001,0.001,0.017,0.0,0.0,0.0,0.001,0.0,0.0,0.009,0.009,0.0,0.01,0.002,0.002,0.0,0.001,0.001,0.0
EMS4-1773a5,Zm00001d032961_T003,C805Y,A0A1D6KV46,Y,0.0,0.0,0.003,0.002,0.001,0.002,0.0,0.0,0.0,0.0,0.0,0.0,0.001,0.005,0.001,0.001,0.016,0.002,0.003,0.003,0.0,0.0,0.002,0.003,0.0,0.001,0.016,0.002,0.003,0.003
EMS4-0d5ed7,Zm00001d032961_T003,E135K,A0A1D6KV46,K,0.013,0.064,0.013,0.177,0.001,0.002,0.0,0.001,0.0,0.0,0.005,0.011,0.001,0.089,0.001,0.0,0.0,0.003,0.001,0.001,0.008,0.053,0.012,0.088,0.0,0.002,0.0,0.002,0.001,0.001
EMS4-23dbf0,Zm00001d032961_T003,A734V,A0A1D6KV46,V,0.0,0.001,0.002,0.001,0.002,0.003,0.0,0.0,0.0,0.0,0.0,0.0,0.002,0.003,0.0,0.002,0.0,0.0,0.0,0.0,0.0,0.001,0.0,0.002,0.002,0.001,0.0,0.0,0.0,0.0
EMS4-016cfb,Zm00001d032961_T003,G254R,A0A1D6KV46,R,0.0,0.0,0.0,0.044,0.0,0.0,0.0,0.001,0.001,0.001,0.0,0.0,0.0,0.007,0.0,0.0,0.0,0.0,0.0,0.0,0.0,0.0,0.0,0.037,0.0,0.0,0.0,0.001,0.001,0.001
EMS4-0d5ed4,Zm00001d032961_T003,R113K,A0A1D6KV46,K,0.042,0.037,0.01,0.136,0.001,0.004,0.001,0.001,0.001,0.001,0.146,0.093,0.022,0.193,0.003,0.014,0.006,0.001,0.001,0.001,0.104,0.056,0.012,0.057,0.002,0.01,0.005,0.0,0.0,0.0
EMS4-016d0b,Zm00001d032961_T003,D596N,A0A1D6KV46,N,0.0,0.0,0.001,0.001,0.0,0.001,0.001,0.0,0.001,0.0,0.0,0.0,0.001,0.001,0.0,0.002,0.019,0.001,0.003,0.003,0.0,0.0,0.0,0.0,0.0,0.001,0.018,0.001,0.002,0.003
EMS4-0d5ed5,Zm00001d032961_T003,V115I,A0A1D6KV46,I,0.005,0.008,0.046,0.176,0.001,0.009,0.0,0.001,0.001,0.0,0.042,0.047,0.008,0.142,0.002,0.005,0.002,0.001,0.001,0.001,0.037,0.039,0.038,0.034,0.001,0.004,0.002,0.0,0.0,0.001
EMS4-2d6a57,Zm00001d032961_T003,D182N,A0A1D6KV46,N,0.001,0.001,0.0,0.0,0.002,0.0,0.0,0.001,0.001,0.0,0.0,0.001,0.0,0.0,0.001,0.0,0.0,0.001,0.001,0.0,0.001,0.0,0.0,0.0,0.001,0.0,0.0,0.0,0.0,0.0
EMS4-0d5eeb,Zm00001d032961_T003,G624E,A0A1D6KV46,E,0.002,0.001,0.026,0.016,0.006,0.001,0.002,0.084,0.038,0.025,0.0,0.0,0.003,0.003,0.001,0.0,0.0,0.013,0.004,0.002,0.002,0.001,0.023,0.013,0.005,0.001,0.002,0.071,0.034,0.023
EMS4-0d5ee6,Zm00001d032961_T003,S501N,A0A1D6KV46,N,0.0,0.0,0.001,0.005,0.0,0.0,0.0,0.001,0.0,0.0,0.0,0.0,0.001,0.005,0.0,0.0,0.0,0.001,0.0,0.0,0.0,0.0,0.0,0.0,0.0,0.0,0.0,0.0,0.0,0.0
EMS4-0d5ee7,Zm00001d032961_T003,G504E,A0A1D6KV46,E,0.0,0.0,0.006,0.139,0.0,0.0,0.001,0.01,0.001,0.001,0.0,0.0,0.007,0.155,0.0,0.0,0.0,0.007,0.001,0.001,0.0,0.0,0.001,0.016,0.0,0.0,0.001,0.003,0.0,0.0
EMS4-17739c,Zm00001d032961_T003,R496K,A0A1D6KV46,K,0.0,0.0,0.0,0.001,0.001,0.0,0.0,0.002,0.001,0.0,0.001,0.002,0.001,0.003,0.012,0.001,0.0,0.005,0.003,0.001,0.001,0.002,0.001,0.002,0.011,0.001,0.0,0.003,0.002,0.001
EMS4-0d5ec7,Zm00001d032961_T003,S13L,A0A1D6KV46,L,0.0,0.0,0.0,0.081,0.0,0.0,0.0,0.0,0.0,0.0,0.017,0.007,0.059,0.079,0.033,0.006,0.0,0.0,0.0,0.0,0.017,0.007,0.059,0.002,0.033,0.006,0.0,0.0,0.0,0.0
EMS4-016d06,Zm00001d032961_T003,R529C,A0A1D6KV46,C,0.042,0.032,0.02,0.121,0.007,0.016,0.169,0.001,0.002,0.006,0.285,0.161,0.126,0.672,0.012,0.006,0.0,0.003,0.006,0.001,0.243,0.129,0.106,0.551,0.005,0.01,0.169,0.002,0.004,0.005
EMS4-016d1c,Zm00001d032961_T003,P874L,A0A1D6KV46,L,0.012,0.019,0.009,0.088,0.024,0.003,0.001,0.002,0.002,0.001,0.002,0.003,0.0,0.007,0.0,0.0,0.0,0.001,0.001,0.0,0.01,0.016,0.009,0.081,0.024,0.003,0.001,0.001,0.001,0.001
EMS4-016cfd,Zm00001d032961_T003,P274S,A0A1D6KV46,S,0.026,0.042,0.013,0.014,0.014,0.005,0.0,0.001,0.001,0.0,0.202,0.214,0.099,0.056,0.068,0.045,0.0,0.002,0.001,0.0,0.176,0.172,0.086,0.042,0.054,0.04,0.0,0.001,0.0,0.0
EMS4-016ce8,Zm00001d032961_T003,R34C,A0A1D6KV46,C,0.037,0.04,0.002,0.015,0.005,0.022,0.141,0.0,0.001,0.003,0.729,0.615,0.03,0.578,0.007,0.016,0.0,0.0,0.001,0.0,0.692,0.575,0.028,0.563,0.002,0.006,0.141,0.0,0.0,0.003
EMS4-0d5ee5,Zm00001d032961_T003,T485I,A0A1D6KV46,I,0.69,0.695,0.303,0.487,0.039,0.175,0.0,0.002,0.001,0.001,0.818,0.808,0.521,0.632,0.059,0.238,0.001,0.004,0.002,0.001,0.128,0.113,0.218,0.145,0.02,0.063,0.001,0.002,0.001,0.0
EMS4-016ced,Zm00001d032961_T003,D97N,A0A1D6KV46,N,0.015,0.009,0.002,0.101,0.001,0.001,0.0,0.001,0.0,0.0,0.081,0.03,0.047,0.509,0.003,0.004,0.02,0.05,0.086,0.043,0.066,0.021,0.045,0.408,0.002,0.003,0.02,0.049,0.086,0.043
EMS4-23dbef,Zm00001d032961_T003,H509Y,A0A1D6KV46,Y,0.001,0.0,0.003,0.122,0.0,0.0,0.0,0.001,0.0,0.0,0.001,0.001,0.009,0.149,0.0,0.0,0.018,0.003,0.002,0.003,0.0,0.001,0.006,0.027,0.0,0.0,0.018,0.002,0.002,0.003
EMS4-0d5edd,Zm00001d032961_T003,P297L,A0A1D6KV46,L,0.0,0.001,0.014,0.277,0.0,0.0,0.0,0.0,0.0,0.0,0.0,0.0,0.001,0.29,0.0,0.0,0.0,0.001,0.0,0.0,0.0,0.001,0.013,0.013,0.0,0.0,0.0,0.001,0.0,0.0
EMS4-016cf8,Zm00001d032961_T003,R207C,A0A1D6KV46,C,0.0,0.0,0.001,0.056,0.0,0.0,0.006,0.001,0.001,0.002,0.001,0.001,0.001,0.077,0.0,0.0,0.0,0.001,0.001,0.0,0.001,0.001,0.0,0.021,0.0,0.0,0.006,0.0,0.0,0.002
EMS4-2d6a55,Zm00001d032961_T003,E156K,A0A1D6KV46,K,0.0,0.001,0.011,0.178,0.0,0.0,0.0,0.001,0.0,0.0,0.0,0.0,0.002,0.045,0.0,0.0,0.002,0.016,0.003,0.002,0.0,0.001,0.009,0.133,0.0,0.0,0.002,0.015,0.003,0.002
EMS4-2d6a56,Zm00001d032961_T003,L160F,A0A1D6KV46,F,0.0,0.001,0.004,0.161,0.0,0.0,0.0,0.0,0.0,0.0,0.0,0.0,0.0,0.011,0.0,0.0,0.0,0.0,0.0,0.0,0.0,0.001,0.004,0.15,0.0,0.0,0.0,0.0,0.0,0.0
EMS4-2d6a5d,Zm00001d032961_T003,E268K,A0A1D6KV46,K,0.15,0.094,0.02,0.659,0.001,0.002,0.0,0.002,0.001,0.001,0.003,0.002,0.006,0.416,0.0,0.0,0.001,0.005,0.002,0.001,0.147,0.092,0.014,0.243,0.001,0.002,0.001,0.003,0.001,0.0
EMS4-2d6a38,Zm00001d032961_T003,P30L,A0A1D6KV46,L,0.019,0.036,0.001,0.101,0.003,0.008,0.0,0.001,0.001,0.0,0.202,0.206,0.006,0.34,0.002,0.007,0.0,0.0,0.0,0.0,0.183,0.17,0.005,0.239,0.001,0.001,0.0,0.001,0.001,0.0
EMS4-2d6a3a,Zm00001d032961_T003,A62V,A0A1D6KV46,V,0.112,0.089,0.003,0.083,0.005,0.01,0.0,0.0,0.001,0.0,0.082,0.112,0.014,0.332,0.005,0.007,0.0,0.002,0.002,0.0,0.03,0.023,0.011,0.249,0.0,0.003,0.0,0.002,0.001,0.0
