protein_id,position,wt_aa,mut_aa,mutation,saprot_score
B4FLA3,1,M,A,M1A,-4.450199604034424
B4FLA3,1,M,C,M1C,-7.141608238220215
B4FLA3,1,M,D,M1D,-6.855217933654785
B4FLA3,1,M,E,M1E,-6.518529415130615
B4FLA3,1,M,F,M1F,-5.929593563079834
B4FLA3,1,M,G,M1G,-5.508152008056641
B4FLA3,1,M,H,M1H,-6.482967376708984
B4FLA3,1,M,I,M1I,-5.7527594566345215
B4FLA3,1,M,K,M1K,-6.616657733917236
B4FLA3,1,M,L,M1L,-5.108988285064697
B4FLA3,1,M,N,M1N,-5.314905166625977
B4FLA3,1,M,P,M1P,-5.493720054626465
B4FLA3,1,M,Q,M1Q,-4.5992536544799805
B4FLA3,1,M,R,M1R,-6.538021087646484
B4FLA3,1,M,S,M1S,-4.330358982086182
B4FLA3,1,M,T,M1T,-4.577273845672607
B4FLA3,1,M,V,M1V,-5.541019916534424
B4FLA3,1,M,W,M1W,-7.791205406188965
B4FLA3,1,M,Y,M1Y,-6.729063510894775
B4FLA3,2,S,A,S2A,0.33921095728874207
B4FLA3,2,S,C,S2C,-5.734979152679443
B4FLA3,2,S,D,S2D,-4.044651031494141
B4FLA3,2,S,E,S2E,-3.9391160011291504
B4FLA3,2,S,F,S2F,-4.0756916999816895
B4FLA3,2,S,G,S2G,-2.93949294090271
B4FLA3,2,S,H,S2H,-4.775139808654785
B4FLA3,2,S,I,S2I,-3.838336706161499
B4FLA3,2,S,K,S2K,-5.720884799957275
B4FLA3,2,S,L,S2L,-3.3820552825927734
B4FLA3,2,S,M,S2M,-3.3566110134124756
B4FLA3,2,S,N,S2N,-1.4736171960830688
B4FLA3,2,S,P,S2P,-2.7286603450775146
B4FLA3,2,S,Q,S2Q,-2.9180378913879395
B4FLA3,2,S,R,S2R,-6.004543781280518
B4FLA3,2,S,T,S2T,-1.2546544075012207
B4FLA3,2,S,V,S2V,-3.1560394763946533
B4FLA3,2,S,W,S2W,-6.254988670349121
B4FLA3,2,S,Y,S2Y,-4.4215922355651855
B4FLA3,3,Q,A,Q3A,1.1725223064422607
B4FLA3,3,Q,C,Q3C,-2.7133195400238037
B4FLA3,3,Q,D,Q3D,-2.86299991607666
B4FLA3,3,Q,E,Q3E,-2.0066683292388916
B4FLA3,3,Q,F,Q3F,-0.7739654183387756
B4FLA3,3,Q,G,Q3G,0.845613420009613
B4FLA3,3,Q,H,Q3H,-1.764631986618042
B4FLA3,3,Q,I,Q3I,-0.9674872756004333
B4FLA3,3,Q,K,Q3K,-1.724541425704956
B4FLA3,3,Q,L,Q3L,-0.7451022863388062
B4FLA3,3,Q,M,Q3M,-1.5639694929122925
B4FLA3,3,Q,N,Q3N,0.4904721975326538
B4FLA3,3,Q,P,Q3P,-2.662637233734131
B4FLA3,3,Q,R,Q3R,-1.8578084707260132
B4FLA3,3,Q,S,Q3S,0.9622935652732849
B4FLA3,3,Q,T,Q3T,1.2645944356918335
B4FLA3,3,Q,V,Q3V,-0.018363691866397858
B4FLA3,3,Q,W,Q3W,-3.630429267883301
B4FLA3,3,Q,Y,Q3Y,-1.3120341300964355
B4FLA3,4,N,A,N4A,0.4895557165145874
B4FLA3,4,N,C,N4C,-3.69747257232666
B4FLA3,4,N,D,N4D,-2.6798434257507324
B4FLA3,4,N,E,N4E,-2.268740653991699
B4FLA3,4,N,F,N4F,-2.533080816268921
B4FLA3,4,N,G,N4G,-0.3539886176586151
B4FLA3,4,N,H,N4H,-1.777288556098938
B4FLA3,4,N,I,N4I,-1.8100576400756836
B4FLA3,4,N,K,N4K,-2.923325300216675
B4FLA3,4,N,L,N4L,-1.4159680604934692
B4FLA3,4,N,M,N4M,-2.162123441696167
B4FLA3,4,N,P,N4P,0.35647475719451904
B4FLA3,4,N,Q,N4Q,0.2617836892604828
B4FLA3,4,N,R,N4R,-2.991586208343506
B4FLA3,4,N,S,N4S,1.248037576675415
B4FLA3,4,N,T,N4T,1.1733585596084595
B4FLA3,4,N,V,N4V,-1.0152060985565186
B4FLA3,4,N,W,N4W,-4.82662296295166
B4FLA3,4,N,Y,N4Y,-2.792628288269043
B4FLA3,5,N,A,N5A,-4.418450832366943
B4FLA3,5,N,C,N5C,-6.860179901123047
B4FLA3,5,N,D,N5D,-4.166104316711426
B4FLA3,5,N,E,N5E,-5.75506591796875
B4FLA3,5,N,F,N5F,-6.995286464691162
B4FLA3,5,N,G,N5G,-4.89655065536499
B4FLA3,5,N,H,N5H,-3.5538527965545654
B4FLA3,5,N,I,N5I,-5.713825225830078
B4FLA3,5,N,K,N5K,-3.9929537773132324
B4FLA3,5,N,L,N5L,-5.9601030349731445
B4FLA3,5,N,M,N5M,-6.953768730163574
B4FLA3,5,N,P,N5P,-4.564464569091797
B4FLA3,5,N,Q,N5Q,-4.237174034118652
B4FLA3,5,N,R,N5R,-5.003963470458984
B4FLA3,5,N,S,N5S,-2.898391008377075
B4FLA3,5,N,T,N5T,-3.5055649280548096
B4FLA3,5,N,V,N5V,-5.7660298347473145
B4FLA3,5,N,W,N5W,-9.188136100769043
B4FLA3,5,N,Y,N5Y,-6.162256717681885
B4FLA3,6,P,A,P6A,-3.9457054138183594
B4FLA3,6,P,C,P6C,-8.07522964477539
B4FLA3,6,P,D,P6D,-7.879150390625
B4FLA3,6,P,E,P6E,-7.4144415855407715
B4FLA3,6,P,F,P6F,-7.023017883300781
B4FLA3,6,P,G,P6G,-6.379430770874023
B4FLA3,6,P,H,P6H,-6.038616180419922
B4FLA3,6,P,I,P6I,-6.040615558624268
B4FLA3,6,P,K,P6K,-7.214651584625244
B4FLA3,6,P,L,P6L,-4.8852643966674805
B4FLA3,6,P,M,P6M,-6.807770729064941
B4FLA3,6,P,N,P6N,-5.626136302947998
B4FLA3,6,P,Q,P6Q,-4.915945053100586
B4FLA3,6,P,R,P6R,-6.431046962738037
B4FLA3,6,P,S,P6S,-3.556687355041504
B4FLA3,6,P,T,P6T,-4.017133712768555
B4FLA3,6,P,V,P6V,-5.38926887512207
B4FLA3,6,P,W,P6W,-8.645818710327148
B4FLA3,6,P,Y,P6Y,-7.5883331298828125
B4FLA3,7,S,A,S7A,-2.3689746856689453
B4FLA3,7,S,C,S7C,-5.022727966308594
B4FLA3,7,S,D,S7D,-5.8804612159729
B4FLA3,7,S,E,S7E,-5.989488124847412
B4FLA3,7,S,F,S7F,-6.121999740600586
B4FLA3,7,S,G,S7G,-1.1769609451293945
B4FLA3,7,S,H,S7H,-5.534557342529297
B4FLA3,7,S,I,S7I,-6.321134090423584
B4FLA3,7,S,K,S7K,-6.33842134475708
B4FLA3,7,S,L,S7L,-4.872506141662598
B4FLA3,7,S,M,S7M,-5.728638172149658
B4FLA3,7,S,N,S7N,-3.031109094619751
B4FLA3,7,S,P,S7P,-7.706693649291992
B4FLA3,7,S,Q,S7Q,-4.527377128601074
B4FLA3,7,S,R,S7R,-5.461512088775635
B4FLA3,7,S,T,S7T,-2.9739391803741455
B4FLA3,7,S,V,S7V,-5.243400573730469
B4FLA3,7,S,W,S7W,-7.6595282554626465
B4FLA3,7,S,Y,S7Y,-6.701921463012695
B4FLA3,8,Q,A,Q8A,-5.708680152893066
B4FLA3,8,Q,C,Q8C,-7.116262912750244
B4FLA3,8,Q,D,Q8D,-8.118385314941406
B4FLA3,8,Q,E,Q8E,-5.861351490020752
B4FLA3,8,Q,F,Q8F,-8.263461112976074
B4FLA3,8,Q,G,Q8G,-7.089144229888916
B4FLA3,8,Q,H,Q8H,-5.326351165771484
B4FLA3,8,Q,I,Q8I,-7.1060285568237305
B4FLA3,8,Q,K,Q8K,-5.33331298828125
B4FLA3,8,Q,L,Q8L,-5.051875114440918
B4FLA3,8,Q,M,Q8M,-6.225951671600342
B4FLA3,8,Q,N,Q8N,-6.252254486083984
B4FLA3,8,Q,P,Q8P,-7.616576194763184
B4FLA3,8,Q,R,Q8R,-5.136011123657227
B4FLA3,8,Q,S,Q8S,-5.131466388702393
B4FLA3,8,Q,T,Q8T,-5.283705234527588
B4FLA3,8,Q,V,Q8V,-6.22710657119751
B4FLA3,8,Q,W,Q8W,-9.948379516601562
B4FLA3,8,Q,Y,Q8Y,-8.57278823852539
B4FLA3,9,L,A,L9A,-7.31632137298584
B4FLA3,9,L,C,L9C,-6.359314441680908
B4FLA3,9,L,D,L9D,-10.299246788024902
B4FLA3,9,L,E,L9E,-7.271176338195801
B4FLA3,9,L,F,L9F,-5.643829822540283
B4FLA3,9,L,G,L9G,-11.126875877380371
B4FLA3,9,L,H,L9H,-8.327202796936035
B4FLA3,9,L,I,L9I,-2.713959217071533
B4FLA3,9,L,K,L9K,-7.53442907333374
B4FLA3,9,L,M,L9M,-3.6402339935302734
B4FLA3,9,L,N,L9N,-9.009547233581543
B4FLA3,9,L,P,L9P,-9.90542221069336
B4FLA3,9,L,Q,L9Q,-5.560251235961914
B4FLA3,9,L,R,L9R,-7.818247318267822
B4FLA3,9,L,S,L9S,-7.56719970703125
B4FLA3,9,L,T,L9T,-6.300685405731201
B4FLA3,9,L,V,L9V,-2.835707902908325
B4FLA3,9,L,W,L9W,-7.721396446228027
B4FLA3,9,L,Y,L9Y,-6.697840213775635
B4FLA3,10,L,A,L10A,-8.667038917541504
B4FLA3,10,L,C,L10C,-9.200742721557617
B4FLA3,10,L,D,L10D,-11.43864631652832
B4FLA3,10,L,E,L10E,-8.701434135437012
B4FLA3,10,L,F,L10F,-5.782426357269287
B4FLA3,10,L,G,L10G,-9.805466651916504
B4FLA3,10,L,H,L10H,-7.975152015686035
B4FLA3,10,L,I,L10I,-6.480071067810059
B4FLA3,10,L,K,L10K,-9.620020866394043
B4FLA3,10,L,M,L10M,-5.721065044403076
B4FLA3,10,L,N,L10N,-8.547744750976562
B4FLA3,10,L,P,L10P,-9.121874809265137
B4FLA3,10,L,Q,L10Q,-7.224123477935791
B4FLA3,10,L,R,L10R,-7.825287342071533
B4FLA3,10,L,S,L10S,-7.426145076751709
B4FLA3,10,L,T,L10T,-7.608612537384033
B4FLA3,10,L,V,L10V,-7.383630275726318
B4FLA3,10,L,W,L10W,-9.108540534973145
B4FLA3,10,L,Y,L10Y,-7.959310531616211
B4FLA3,11,P,A,P11A,-7.607803821563721
B4FLA3,11,P,C,P11C,-10.703742980957031
B4FLA3,11,P,D,P11D,-12.453131675720215
B4FLA3,11,P,E,P11E,-11.98167896270752
B4FLA3,11,P,F,P11F,-11.108929634094238
B4FLA3,11,P,G,P11G,-11.494900703430176
B4FLA3,11,P,H,P11H,-9.390007019042969
B4FLA3,11,P,I,P11I,-11.222084045410156
B4FLA3,11,P,K,P11K,-11.86365795135498
B4FLA3,11,P,L,P11L,-7.851616859436035
B4FLA3,11,P,M,P11M,-12.46264362335205
B4FLA3,11,P,N,P11N,-11.984606742858887
B4FLA3,11,P,Q,P11Q,-8.849644660949707
B4FLA3,11,P,R,P11R,-9.159915924072266
B4FLA3,11,P,S,P11S,-7.816555023193359
B4FLA3,11,P,T,P11T,-9.05467700958252
B4FLA3,11,P,V,P11V,-10.5208101272583
B4FLA3,11,P,W,P11W,-11.782805442810059
B4FLA3,11,P,Y,P11Y,-11.457366943359375
B4FLA3,12,S,A,S12A,-1.4131247997283936
B4FLA3,12,S,C,S12C,-3.3031082153320312
B4FLA3,12,S,D,S12D,-4.690659046173096
B4FLA3,12,S,E,S12E,-4.197844982147217
B4FLA3,12,S,F,S12F,1.2609283924102783
B4FLA3,12,S,G,S12G,-3.921250343322754
B4FLA3,12,S,H,S12H,-1.6534583568572998
B4FLA3,12,S,I,S12I,3.267775774002075
B4FLA3,12,S,K,S12K,-2.312074661254883
B4FLA3,12,S,L,S12L,7.971789836883545
B4FLA3,12,S,M,S12M,1.3577853441238403
B4FLA3,12,S,N,S12N,-2.297422409057617
B4FLA3,12,S,P,S12P,-1.0125527381896973
B4FLA3,12,S,Q,S12Q,-0.8122255802154541
B4FLA3,12,S,R,S12R,-1.641383409500122
B4FLA3,12,S,T,S12T,-0.8886134624481201
B4FLA3,12,S,V,S12V,1.0754380226135254
B4FLA3,12,S,W,S12W,-3.0028703212738037
B4FLA3,12,S,Y,S12Y,-1.9040191173553467
B4FLA3,13,E,A,E13A,-8.283047676086426
B4FLA3,13,E,C,E13C,-12.481471061706543
B4FLA3,13,E,D,E13D,-4.111623764038086
B4FLA3,13,E,F,E13F,-12.084281921386719
B4FLA3,13,E,G,E13G,-8.788565635681152
B4FLA3,13,E,H,E13H,-9.51478099822998
B4FLA3,13,E,I,E13I,-11.971601486206055
B4FLA3,13,E,K,E13K,-7.795736789703369
B4FLA3,13,E,L,E13L,-11.078730583190918
B4FLA3,13,E,M,E13M,-11.356675148010254
B4FLA3,13,E,N,E13N,-9.123303413391113
B4FLA3,13,E,P,E13P,-14.983306884765625
B4FLA3,13,E,Q,E13Q,-6.526005744934082
B4FLA3,13,E,R,E13R,-10.905763626098633
B4FLA3,13,E,S,E13S,-10.118220329284668
B4FLA3,13,E,T,E13T,-9.77614974975586
B4FLA3,13,E,V,E13V,-9.262402534484863
B4FLA3,13,E,W,E13W,-12.61296272277832
B4FLA3,13,E,Y,E13Y,-10.870050430297852
B4FLA3,14,L,A,L14A,-10.082165718078613
B4FLA3,14,L,C,L14C,-10.467576026916504
B4FLA3,14,L,D,L14D,-13.687135696411133
B4FLA3,14,L,E,L14E,-11.955552101135254
B4FLA3,14,L,F,L14F,-6.5664567947387695
B4FLA3,14,L,G,L14G,-12.935792922973633
B4FLA3,14,L,H,L14H,-10.497326850891113
B4FLA3,14,L,I,L14I,-4.269172191619873
B4FLA3,14,L,K,L14K,-11.42281436920166
B4FLA3,14,L,M,L14M,-5.594323635101318
B4FLA3,14,L,N,L14N,-11.064217567443848
B4FLA3,14,L,P,L14P,-12.07910442352295
B4FLA3,14,L,Q,L14Q,-8.991501808166504
B4FLA3,14,L,R,L14R,-10.658038139343262
B4FLA3,14,L,S,L14S,-10.375475883483887
B4FLA3,14,L,T,L14T,-9.455906867980957
B4FLA3,14,L,V,L14V,-5.342541694641113
B4FLA3,14,L,W,L14W,-10.605661392211914
B4FLA3,14,L,Y,L14Y,-9.552176475524902
B4FLA3,15,I,A,I15A,-7.874680519104004
B4FLA3,15,I,C,I15C,-9.085204124450684
B4FLA3,15,I,D,I15D,-11.357413291931152
B4FLA3,15,I,E,I15E,-9.88943099975586
B4FLA3,15,I,F,I15F,-8.361663818359375
B4FLA3,15,I,G,I15G,-10.547738075256348
B4FLA3,15,I,H,I15H,-11.843545913696289
B4FLA3,15,I,K,I15K,-9.979799270629883
B4FLA3,15,I,L,I15L,-4.073693752288818
B4FLA3,15,I,M,I15M,-5.325770854949951
B4FLA3,15,I,N,I15N,-9.501535415649414
B4FLA3,15,I,P,I15P,-12.796613693237305
B4FLA3,15,I,Q,I15Q,-9.829216003417969
B4FLA3,15,I,R,I15R,-10.005833625793457
B4FLA3,15,I,S,I15S,-9.394827842712402
B4FLA3,15,I,T,I15T,-6.074791431427002
B4FLA3,15,I,V,I15V,0.17525319755077362
B4FLA3,15,I,W,I15W,-11.713117599487305
B4FLA3,15,I,Y,I15Y,-11.457162857055664
B4FLA3,16,D,A,D16A,-7.280422687530518
B4FLA3,16,D,C,D16C,-10.587401390075684
B4FLA3,16,D,E,D16E,-3.728745460510254
B4FLA3,16,D,F,D16F,-9.608857154846191
B4FLA3,16,D,G,D16G,-6.464756965637207
B4FLA3,16,D,H,D16H,-6.807514667510986
B4FLA3,16,D,I,D16I,-9.923933982849121
B4FLA3,16,D,K,D16K,-7.8760833740234375
B4FLA3,16,D,L,D16L,-9.659320831298828
B4FLA3,16,D,M,D16M,-10.623763084411621
B4FLA3,16,D,N,D16N,-6.054020404815674
B4FLA3,16,D,P,D16P,-12.5325288772583
B4FLA3,16,D,Q,D16Q,-6.957971096038818
B4FLA3,16,D,R,D16R,-8.34505844116211
B4FLA3,16,D,S,D16S,-7.020692348480225
B4FLA3,16,D,T,D16T,-8.032584190368652
B4FLA3,16,D,V,D16V,-8.106390953063965
B4FLA3,16,D,W,D16W,-10.906532287597656
B4FLA3,16,D,Y,D16Y,-6.743744850158691
B4FLA3,17,R,A,R17A,-7.0230302810668945
B4FLA3,17,R,C,R17C,-7.556958198547363
B4FLA3,17,R,D,R17D,-7.312962055206299
B4FLA3,17,R,E,R17E,-5.212894916534424
B4FLA3,17,R,F,R17F,-7.615127086639404
B4FLA3,17,R,G,R17G,-7.08155632019043
B4FLA3,17,R,H,R17H,-5.622867107391357
B4FLA3,17,R,I,R17I,-5.907648086547852
B4FLA3,17,R,K,R17K,2.5608441829681396
B4FLA3,17,R,L,R17L,-4.187748908996582
B4FLA3,17,R,M,R17M,-4.757515907287598
B4FLA3,17,R,N,R17N,-4.230412006378174
B4FLA3,17,R,P,R17P,-8.400871276855469
B4FLA3,17,R,Q,R17Q,-3.769287347793579
B4FLA3,17,R,S,R17S,-5.534502983093262
B4FLA3,17,R,T,R17T,-4.9415435791015625
B4FLA3,17,R,V,R17V,-7.442625045776367
B4FLA3,17,R,W,R17W,-8.203210830688477
B4FLA3,17,R,Y,R17Y,-7.366900444030762
B4FLA3,18,C,A,C18A,-5.31335973739624
B4FLA3,18,C,D,C18D,-9.519152641296387
B4FLA3,18,C,E,C18E,-11.053655624389648
B4FLA3,18,C,F,C18F,-6.872143745422363
B4FLA3,18,C,G,C18G,-7.1537394523620605
B4FLA3,18,C,H,C18H,-9.16683292388916
B4FLA3,18,C,I,C18I,-8.973358154296875
B4FLA3,18,C,K,C18K,-9.933903694152832
B4FLA3,18,C,L,C18L,-7.582140922546387
B4FLA3,18,C,M,C18M,-9.613701820373535
B4FLA3,18,C,N,C18N,-7.36570930480957
B4FLA3,18,C,P,C18P,-10.960227966308594
B4FLA3,18,C,Q,C18Q,-9.746005058288574
B4FLA3,18,C,R,C18R,-8.387749671936035
B4FLA3,18,C,S,C18S,-3.5174264907836914
B4FLA3,18,C,T,C18T,-6.639867305755615
B4FLA3,18,C,V,C18V,-8.030211448669434
B4FLA3,18,C,W,C18W,-9.248050689697266
B4FLA3,18,C,Y,C18Y,-6.793482303619385
B4FLA3,19,I,A,I19A,-7.9033732414245605
B4FLA3,19,I,C,I19C,-7.934824466705322
B4FLA3,19,I,D,I19D,-10.096790313720703
B4FLA3,19,I,E,I19E,-9.160897254943848
B4FLA3,19,I,F,I19F,-7.4171600341796875
B4FLA3,19,I,G,I19G,-9.664214134216309
B4FLA3,19,I,H,I19H,-8.265227317810059
B4FLA3,19,I,K,I19K,-6.425827980041504
B4FLA3,19,I,L,I19L,-3.3570330142974854
B4FLA3,19,I,M,I19M,-5.161391735076904
B4FLA3,19,I,N,I19N,-7.639842510223389
B4FLA3,19,I,P,I19P,-10.515840530395508
B4FLA3,19,I,Q,I19Q,-7.94179105758667
B4FLA3,19,I,R,I19R,-6.1420979499816895
B4FLA3,19,I,S,I19S,-8.163451194763184
B4FLA3,19,I,T,I19T,-5.822049617767334
B4FLA3,19,I,V,I19V,-1.7277308702468872
B4FLA3,19,I,W,I19W,-9.672451972961426
B4FLA3,19,I,Y,I19Y,-8.376090049743652
B4FLA3,20,G,A,G20A,-5.8264923095703125
B4FLA3,20,G,C,G20C,-8.001884460449219
B4FLA3,20,G,D,G20D,-4.885566234588623
B4FLA3,20,G,E,G20E,-6.1815690994262695
B4FLA3,20,G,F,G20F,-9.787810325622559
B4FLA3,20,G,H,G20H,-6.795896530151367
B4FLA3,20,G,I,G20I,-10.76344108581543
B4FLA3,20,G,K,G20K,-6.278696537017822
B4FLA3,20,G,L,G20L,-9.192298889160156
B4FLA3,20,G,M,G20M,-10.185325622558594
B4FLA3,20,G,N,G20N,-4.93918514251709
B4FLA3,20,G,P,G20P,-13.086503028869629
B4FLA3,20,G,Q,G20Q,-7.207422733306885
B4FLA3,20,G,R,G20R,-5.612349033355713
B4FLA3,20,G,S,G20S,-5.0629119873046875
B4FLA3,20,G,T,G20T,-7.860220909118652
B4FLA3,20,G,V,G20V,-8.52255630493164
B4FLA3,20,G,W,G20W,-9.15174674987793
B4FLA3,20,G,Y,G20Y,-8.734773635864258
B4FLA3,21,S,A,S21A,-3.608484983444214
B4FLA3,21,S,C,S21C,-6.544632434844971
B4FLA3,21,S,D,S21D,-8.498750686645508
B4FLA3,21,S,E,S21E,-7.481209754943848
B4FLA3,21,S,F,S21F,-7.838600158691406
B4FLA3,21,S,G,S21G,-5.634003639221191
B4FLA3,21,S,H,S21H,-7.741067886352539
B4FLA3,21,S,I,S21I,-9.171500205993652
B4FLA3,21,S,K,S21K,-5.852970123291016
B4FLA3,21,S,L,S21L,-6.647217273712158
B4FLA3,21,S,M,S21M,-7.917105197906494
B4FLA3,21,S,N,S21N,-4.526367664337158
B4FLA3,21,S,P,S21P,-9.00555419921875
B4FLA3,21,S,Q,S21Q,-6.097988605499268
B4FLA3,21,S,R,S21R,-6.615373611450195
B4FLA3,21,S,T,S21T,-3.47407865524292
B4FLA3,21,S,V,S21V,-8.220772743225098
B4FLA3,21,S,W,S21W,-9.708864212036133
B4FLA3,21,S,Y,S21Y,-8.051539421081543
B4FLA3,22,K,A,K22A,-6.970118045806885
B4FLA3,22,K,C,K22C,-5.517734050750732
B4FLA3,22,K,D,K22D,-6.929027080535889
B4FLA3,22,K,E,K22E,-4.941088676452637
B4FLA3,22,K,F,K22F,-8.101288795471191
B4FLA3,22,K,G,K22G,-6.827188491821289
B4FLA3,22,K,H,K22H,-4.658419609069824
B4FLA3,22,K,I,K22I,-5.171708106994629
B4FLA3,22,K,L,K22L,-4.365274429321289
B4FLA3,22,K,M,K22M,-5.455033779144287
B4FLA3,22,K,N,K22N,-4.843872547149658
B4FLA3,22,K,P,K22P,-4.715030670166016
B4FLA3,22,K,Q,K22Q,-1.7935245037078857
B4FLA3,22,K,R,K22R,0.8010286092758179
B4FLA3,22,K,S,K22S,-5.165098190307617
B4FLA3,22,K,T,K22T,-4.186522483825684
B4FLA3,22,K,V,K22V,-5.089961051940918
B4FLA3,22,K,W,K22W,-6.975721836090088
B4FLA3,22,K,Y,K22Y,-7.546726703643799
B4FLA3,23,I,A,I23A,-9.338369369506836
B4FLA3,23,I,C,I23C,-8.532807350158691
B4FLA3,23,I,D,I23D,-11.48984146118164
B4FLA3,23,I,E,I23E,-11.510485649108887
B4FLA3,23,I,F,I23F,-8.94758415222168
B4FLA3,23,I,G,I23G,-12.366425514221191
B4FLA3,23,I,H,I23H,-11.851842880249023
B4FLA3,23,I,K,I23K,-10.883698463439941
B4FLA3,23,I,L,I23L,-5.433329105377197
B4FLA3,23,I,M,I23M,-4.731315612792969
B4FLA3,23,I,N,I23N,-9.602203369140625
B4FLA3,23,I,P,I23P,-13.200573921203613
B4FLA3,23,I,Q,I23Q,-10.858772277832031
B4FLA3,23,I,R,I23R,-11.779023170471191
B4FLA3,23,I,S,I23S,-10.007512092590332
B4FLA3,23,I,T,I23T,-6.494693279266357
B4FLA3,23,I,V,I23V,-2.7163989543914795
B4FLA3,23,I,W,I23W,-13.104808807373047
B4FLA3,23,I,Y,I23Y,-12.37710189819336
B4FLA3,24,W,A,W24A,-6.707472801208496
B4FLA3,24,W,C,W24C,-6.434355735778809
B4FLA3,24,W,D,W24D,-7.562648296356201
B4FLA3,24,W,E,W24E,-8.034419059753418
B4FLA3,24,W,F,W24F,-3.8548030853271484
B4FLA3,24,W,G,W24G,-6.631672382354736
B4FLA3,24,W,H,W24H,0.21300368010997772
B4FLA3,24,W,I,W24I,-8.955331802368164
B4FLA3,24,W,K,W24K,-7.937438488006592
B4FLA3,24,W,L,W24L,-4.627439022064209
B4FLA3,24,W,M,W24M,-6.7302985191345215
B4FLA3,24,W,N,W24N,-5.000393867492676
B4FLA3,24,W,P,W24P,-8.953069686889648
B4FLA3,24,W,Q,W24Q,-4.120124816894531
B4FLA3,24,W,R,W24R,-4.91279411315918
B4FLA3,24,W,S,W24S,-5.249263763427734
B4FLA3,24,W,T,W24T,-6.63852596282959
B4FLA3,24,W,V,W24V,-8.291827201843262
B4FLA3,24,W,Y,W24Y,-2.7868800163269043
B4FLA3,25,V,A,V25A,-6.663821220397949
B4FLA3,25,V,C,V25C,-5.8080244064331055
B4FLA3,25,V,D,V25D,-10.78052806854248
B4FLA3,25,V,E,V25E,-10.53151798248291
B4FLA3,25,V,F,V25F,-9.16417407989502
B4FLA3,25,V,G,V25G,-9.735006332397461
B4FLA3,25,V,H,V25H,-12.073097229003906
B4FLA3,25,V,I,V25I,-0.5225508213043213
B4FLA3,25,V,K,V25K,-10.50121021270752
B4FLA3,25,V,L,V25L,-4.243946075439453
B4FLA3,25,V,M,V25M,-6.8250885009765625
B4FLA3,25,V,N,V25N,-9.3422212600708
B4FLA3,25,V,P,V25P,-11.781702995300293
B4FLA3,25,V,Q,V25Q,-10.494976043701172
B4FLA3,25,V,R,V25R,-11.388588905334473
B4FLA3,25,V,S,V25S,-9.168548583984375
B4FLA3,25,V,T,V25T,-6.909250259399414
B4FLA3,25,V,W,V25W,-11.981009483337402
B4FLA3,25,V,Y,V25Y,-12.169416427612305
B4FLA3,26,I,A,I26A,-3.6026833057403564
B4FLA3,26,I,C,I26C,-4.789409637451172
B4FLA3,26,I,D,I26D,-8.308586120605469
B4FLA3,26,I,E,I26E,-6.623235702514648
B4FLA3,26,I,F,I26F,-5.951706409454346
B4FLA3,26,I,G,I26G,-5.150171279907227
B4FLA3,26,I,H,I26H,-7.6328911781311035
B4FLA3,26,I,K,I26K,-4.64641809463501
B4FLA3,26,I,L,I26L,-3.1632862091064453
B4FLA3,26,I,M,I26M,-4.021703243255615
B4FLA3,26,I,N,I26N,-5.980079174041748
B4FLA3,26,I,P,I26P,-10.222700119018555
B4FLA3,26,I,Q,I26Q,-6.157057762145996
B4FLA3,26,I,R,I26R,-5.709853172302246
B4FLA3,26,I,S,I26S,-4.7691802978515625
B4FLA3,26,I,T,I26T,-3.963397979736328
B4FLA3,26,I,V,I26V,1.3486913442611694
B4FLA3,26,I,W,I26W,-8.592037200927734
B4FLA3,26,I,Y,I26Y,-7.512820243835449
B4FLA3,27,M,A,M27A,-7.793878078460693
B4FLA3,27,M,C,M27C,-3.8549752235412598
B4FLA3,27,M,D,M27D,-11.683347702026367
B4FLA3,27,M,E,M27E,-9.797334671020508
B4FLA3,27,M,F,M27F,-7.100797653198242
B4FLA3,27,M,G,M27G,-8.937970161437988
B4FLA3,27,M,H,M27H,-9.101426124572754
B4FLA3,27,M,I,M27I,-3.8893802165985107
B4FLA3,27,M,K,M27K,-7.327427864074707
B4FLA3,27,M,L,M27L,-3.5887632369995117
B4FLA3,27,M,N,M27N,-9.332953453063965
B4FLA3,27,M,P,M27P,-9.313004493713379
B4FLA3,27,M,Q,M27Q,-6.842848777770996
B4FLA3,27,M,R,M27R,-7.87654447555542
B4FLA3,27,M,S,M27S,-7.219183921813965
B4FLA3,27,M,T,M27T,-5.57871675491333
B4FLA3,27,M,V,M27V,-5.35129451751709
B4FLA3,27,M,W,M27W,-8.898024559020996
B4FLA3,27,M,Y,M27Y,-8.698421478271484
B4FLA3,28,K,A,K28A,-10.939460754394531
B4FLA3,28,K,C,K28C,-12.168469429016113
B4FLA3,28,K,D,K28D,-9.999237060546875
B4FLA3,28,K,E,K28E,-8.483901977539062
B4FLA3,28,K,F,K28F,-10.107274055480957
B4FLA3,28,K,G,K28G,-10.517672538757324
B4FLA3,28,K,H,K28H,-9.929887771606445
B4FLA3,28,K,I,K28I,-9.530295372009277
B4FLA3,28,K,L,K28L,-11.501108169555664
B4FLA3,28,K,M,K28M,-10.434060096740723
B4FLA3,28,K,N,K28N,-7.5566277503967285
B4FLA3,28,K,P,K28P,-11.114460945129395
B4FLA3,28,K,Q,K28Q,-8.942033767700195
B4FLA3,28,K,R,K28R,-5.153171062469482
B4FLA3,28,K,S,K28S,-9.330440521240234
B4FLA3,28,K,T,K28T,-8.661150932312012
B4FLA3,28,K,V,K28V,-10.108205795288086
B4FLA3,28,K,W,K28W,-12.407918930053711
B4FLA3,28,K,Y,K28Y,-10.549005508422852
B4FLA3,29,G,A,G29A,-2.9495835304260254
B4FLA3,29,G,C,G29C,-5.3607964515686035
B4FLA3,29,G,D,G29D,-5.454173564910889
B4FLA3,29,G,E,G29E,-5.563733100891113
B4FLA3,29,G,F,G29F,-4.521801471710205
B4FLA3,29,G,H,G29H,-5.341713905334473
B4FLA3,29,G,I,G29I,-5.7099103927612305
B4FLA3,29,G,K,G29K,-5.451996326446533
B4FLA3,29,G,L,G29L,-6.655401706695557
B4FLA3,29,G,M,G29M,-6.251016616821289
B4FLA3,29,G,N,G29N,-3.1232354640960693
B4FLA3,29,G,P,G29P,-5.855283260345459
B4FLA3,29,G,Q,G29Q,-5.617265224456787
B4FLA3,29,G,R,G29R,-5.663028717041016
B4FLA3,29,G,S,G29S,-2.0217647552490234
B4FLA3,29,G,T,G29T,-3.306704044342041
B4FLA3,29,G,V,G29V,-4.206355571746826
B4FLA3,29,G,W,G29W,-7.714184761047363
B4FLA3,29,G,Y,G29Y,-6.113219261169434
B4FLA3,30,D,A,D30A,-5.509408473968506
B4FLA3,30,D,C,D30C,-6.508841037750244
B4FLA3,30,D,E,D30E,-1.4293044805526733
B4FLA3,30,D,F,D30F,-7.391711711883545
B4FLA3,30,D,G,D30G,-7.744818687438965
B4FLA3,30,D,H,D30H,-4.621435642242432
B4FLA3,30,D,I,D30I,-5.528580188751221
B4FLA3,30,D,K,D30K,-5.084235191345215
B4FLA3,30,D,L,D30L,-6.878243923187256
B4FLA3,30,D,M,D30M,-7.435723304748535
B4FLA3,30,D,N,D30N,-1.756717562675476
B4FLA3,30,D,P,D30P,-6.146236419677734
B4FLA3,30,D,Q,D30Q,-4.3246917724609375
B4FLA3,30,D,R,D30R,-6.005940914154053
B4FLA3,30,D,S,D30S,-3.6140971183776855
B4FLA3,30,D,T,D30T,-3.255747079849243
B4FLA3,30,D,V,D30V,-4.353307723999023
B4FLA3,30,D,W,D30W,-8.654803276062012
B4FLA3,30,D,Y,D30Y,-5.736898422241211
B4FLA3,31,K,A,K31A,-8.682562828063965
B4FLA3,31,K,C,K31C,-8.667830467224121
B4FLA3,31,K,D,K31D,-10.037342071533203
B4FLA3,31,K,E,K31E,-8.143242835998535
B4FLA3,31,K,F,K31F,-8.96557903289795
B4FLA3,31,K,G,K31G,-8.428961753845215
B4FLA3,31,K,H,K31H,-7.386418342590332
B4FLA3,31,K,I,K31I,-7.700594425201416
B4FLA3,31,K,L,K31L,-8.781396865844727
B4FLA3,31,K,M,K31M,-7.7898640632629395
B4FLA3,31,K,N,K31N,-6.466717720031738
B4FLA3,31,K,P,K31P,-11.922065734863281
B4FLA3,31,K,Q,K31Q,-6.524550437927246
B4FLA3,31,K,R,K31R,-1.9905810356140137
B4FLA3,31,K,S,K31S,-6.992231845855713
B4FLA3,31,K,T,K31T,-6.057912349700928
B4FLA3,31,K,V,K31V,-8.085699081420898
B4FLA3,31,K,W,K31W,-10.213769912719727
B4FLA3,31,K,Y,K31Y,-8.662718772888184
B4FLA3,32,E,A,E32A,-7.672914028167725
B4FLA3,32,E,C,E32C,-11.571670532226562
B4FLA3,32,E,D,E32D,-6.85062313079834
B4FLA3,32,E,F,E32F,-11.751279830932617
B4FLA3,32,E,G,E32G,-8.155099868774414
B4FLA3,32,E,H,E32H,-10.19279956817627
B4FLA3,32,E,I,E32I,-11.037542343139648
B4FLA3,32,E,K,E32K,-7.51312780380249
B4FLA3,32,E,L,E32L,-10.851181983947754
B4FLA3,32,E,M,E32M,-10.300726890563965
B4FLA3,32,E,N,E32N,-10.023248672485352
B4FLA3,32,E,P,E32P,-13.462383270263672
B4FLA3,32,E,Q,E32Q,-5.805301666259766
B4FLA3,32,E,R,E32R,-10.119292259216309
B4FLA3,32,E,S,E32S,-8.767754554748535
B4FLA3,32,E,T,E32T,-9.12134838104248
B4FLA3,32,E,V,E32V,-8.818289756774902
B4FLA3,32,E,W,E32W,-11.805771827697754
B4FLA3,32,E,Y,E32Y,-10.948504447937012
B4FLA3,33,L,A,L33A,-2.8964242935180664
B4FLA3,33,L,C,L33C,-3.5863194465637207
B4FLA3,33,L,D,L33D,-6.633923530578613
B4FLA3,33,L,E,L33E,-6.023935794830322
B4FLA3,33,L,F,L33F,-3.1109137535095215
B4FLA3,33,L,G,L33G,-6.804690361022949
B4FLA3,33,L,H,L33H,-7.132420063018799
B4FLA3,33,L,I,L33I,2.3701047897338867
B4FLA3,33,L,K,L33K,-5.76942777633667
B4FLA3,33,L,M,L33M,-0.733074963092804
B4FLA3,33,L,N,L33N,-5.595905303955078
B4FLA3,33,L,P,L33P,-9.537678718566895
B4FLA3,33,L,Q,L33Q,-4.880438804626465
B4FLA3,33,L,R,L33R,-5.073599338531494
B4FLA3,33,L,S,L33S,-3.938298463821411
B4FLA3,33,L,T,L33T,-2.0105154514312744
B4FLA3,33,L,V,L33V,0.2938917577266693
B4FLA3,33,L,W,L33W,-7.752357482910156
B4FLA3,33,L,Y,L33Y,-6.230374813079834
B4FLA3,34,V,A,V34A,-4.178705215454102
B4FLA3,34,V,C,V34C,-5.29001522064209
B4FLA3,34,V,D,V34D,-8.836400032043457
B4FLA3,34,V,E,V34E,-5.376848220825195
B4FLA3,34,V,F,V34F,-6.247945785522461
B4FLA3,34,V,G,V34G,-8.160079956054688
B4FLA3,34,V,H,V34H,-7.533328533172607
B4FLA3,34,V,I,V34I,-2.8294451236724854
B4FLA3,34,V,K,V34K,-7.240645885467529
B4FLA3,34,V,L,V34L,-5.1405253410339355
B4FLA3,34,V,M,V34M,-4.9318766593933105
B4FLA3,34,V,N,V34N,-6.72353982925415
B4FLA3,34,V,P,V34P,-11.774471282958984
B4FLA3,34,V,Q,V34Q,-5.7464680671691895
B4FLA3,34,V,R,V34R,-7.788528919219971
B4FLA3,34,V,S,V34S,-4.039361476898193
B4FLA3,34,V,T,V34T,-1.7766532897949219
B4FLA3,34,V,W,V34W,-8.507804870605469
B4FLA3,34,V,Y,V34Y,-7.373630046844482
B4FLA3,35,G,A,G35A,-10.042498588562012
B4FLA3,35,G,C,G35C,-14.178555488586426
B4FLA3,35,G,D,G35D,-13.482141494750977
B4FLA3,35,G,E,G35E,-15.930924415588379
B4FLA3,35,G,F,G35F,-15.846470832824707
B4FLA3,35,G,H,G35H,-17.008277893066406
B4FLA3,35,G,I,G35I,-20.211286544799805
B4FLA3,35,G,K,G35K,-16.916118621826172
B4FLA3,35,G,L,G35L,-18.414897918701172
B4FLA3,35,G,M,G35M,-18.302095413208008
B4FLA3,35,G,N,G35N,-16.62607192993164
B4FLA3,35,G,P,G35P,-15.23436450958252
B4FLA3,35,G,Q,G35Q,-18.05426597595215
B4FLA3,35,G,R,G35R,-15.382369041442871
B4FLA3,35,G,S,G35S,-12.35208511352539
B4FLA3,35,G,T,G35T,-18.713396072387695
B4FLA3,35,G,V,G35V,-17.634809494018555
B4FLA3,35,G,W,G35W,-16.15576171875
B4FLA3,35,G,Y,G35Y,-16.09940528869629
B4FLA3,36,T,A,T36A,-4.902719974517822
B4FLA3,36,T,C,T36C,-5.110045433044434
B4FLA3,36,T,D,T36D,-6.2920823097229
B4FLA3,36,T,E,T36E,-5.924036979675293
B4FLA3,36,T,F,T36F,-5.42155647277832
B4FLA3,36,T,G,T36G,-7.4662604331970215
B4FLA3,36,T,H,T36H,-4.9504876136779785
B4FLA3,36,T,I,T36I,-0.6569933891296387
B4FLA3,36,T,K,T36K,-3.9890778064727783
B4FLA3,36,T,L,T36L,-4.47416353225708
B4FLA3,36,T,M,T36M,-4.671854019165039
B4FLA3,36,T,N,T36N,-3.154696226119995
B4FLA3,36,T,P,T36P,-7.841908931732178
B4FLA3,36,T,Q,T36Q,-4.550168037414551
B4FLA3,36,T,R,T36R,-4.425638675689697
B4FLA3,36,T,S,T36S,-3.7720251083374023
B4FLA3,36,T,V,T36V,-1.1799087524414062
B4FLA3,36,T,W,T36W,-8.423713684082031
B4FLA3,36,T,Y,T36Y,-4.9954142570495605
B4FLA3,37,L,A,L37A,-9.73285961151123
B4FLA3,37,L,C,L37C,-8.876679420471191
B4FLA3,37,L,D,L37D,-12.391340255737305
B4FLA3,37,L,E,L37E,-10.867671012878418
B4FLA3,37,L,F,L37F,-8.095519065856934
B4FLA3,37,L,G,L37G,-11.578022956848145
B4FLA3,37,L,H,L37H,-10.077041625976562
B4FLA3,37,L,I,L37I,-6.614140510559082
B4FLA3,37,L,K,L37K,-10.446354866027832
B4FLA3,37,L,M,L37M,-6.313602924346924
B4FLA3,37,L,N,L37N,-10.307857513427734
B4FLA3,37,L,P,L37P,-8.952115058898926
B4FLA3,37,L,Q,L37Q,-8.768386840820312
B4FLA3,37,L,R,L37R,-9.719087600708008
B4FLA3,37,L,S,L37S,-9.130701065063477
B4FLA3,37,L,T,L37T,-9.874720573425293
B4FLA3,37,L,V,L37V,-5.855491638183594
B4FLA3,37,L,W,L37W,-13.032103538513184
B4FLA3,37,L,Y,L37Y,-11.481162071228027
B4FLA3,38,C,A,C38A,1.0970927476882935
B4FLA3,38,C,D,C38D,-2.081908702850342
B4FLA3,38,C,E,C38E,-0.7067595720291138
B4FLA3,38,C,F,C38F,-0.007231451105326414
B4FLA3,38,C,G,C38G,-2.5006370544433594
B4FLA3,38,C,H,C38H,1.0490796566009521
B4FLA3,38,C,I,C38I,1.5774250030517578
B4FLA3,38,C,K,C38K,3.9364075660705566
B4FLA3,38,C,L,C38L,5.535013675689697
B4FLA3,38,C,M,C38M,1.8360302448272705
B4FLA3,38,C,N,C38N,-0.5484352111816406
B4FLA3,38,C,P,C38P,-2.72505784034729
B4FLA3,38,C,Q,C38Q,1.5506694316864014
B4FLA3,38,C,R,C38R,4.389362812042236
B4FLA3,38,C,S,C38S,-0.1429886668920517
B4FLA3,38,C,T,C38T,0.956721842288971
B4FLA3,38,C,V,C38V,2.172492265701294
B4FLA3,38,C,W,C38W,-3.233243942260742
B4FLA3,38,C,Y,C38Y,0.13773736357688904
B4FLA3,39,G,A,G39A,-5.338666915893555
B4FLA3,39,G,C,G39C,-8.766633033752441
B4FLA3,39,G,D,G39D,-7.9743499755859375
B4FLA3,39,G,E,G39E,-7.739522457122803
B4FLA3,39,G,F,G39F,-11.45913314819336
B4FLA3,39,G,H,G39H,-11.4728364944458
B4FLA3,39,G,I,G39I,-11.039978981018066
B4FLA3,39,G,K,G39K,-9.568692207336426
B4FLA3,39,G,L,G39L,-10.836651802062988
B4FLA3,39,G,M,G39M,-11.878357887268066
B4FLA3,39,G,N,G39N,-10.00362777709961
B4FLA3,39,G,P,G39P,-13.022658348083496
B4FLA3,39,G,Q,G39Q,-10.667181968688965
B4FLA3,39,G,R,G39R,-7.634336471557617
B4FLA3,39,G,S,G39S,-6.533712387084961
B4FLA3,39,G,T,G39T,-9.351094245910645
B4FLA3,39,G,V,G39V,-9.020831108093262
B4FLA3,39,G,W,G39W,-10.333832740783691
B4FLA3,39,G,Y,G39Y,-10.983616828918457
B4FLA3,40,F,A,F40A,-8.589044570922852
B4FLA3,40,F,C,F40C,-7.0190300941467285
B4FLA3,40,F,D,F40D,-11.102392196655273
B4FLA3,40,F,E,F40E,-10.609247207641602
B4FLA3,40,F,G,F40G,-10.213265419006348
B4FLA3,40,F,H,F40H,-7.96129035949707
B4FLA3,40,F,I,F40I,-5.841135025024414
B4FLA3,40,F,K,F40K,-10.518085479736328
B4FLA3,40,F,L,F40L,-4.939367294311523
B4FLA3,40,F,M,F40M,-7.338067054748535
B4FLA3,40,F,N,F40N,-9.010895729064941
B4FLA3,40,F,P,F40P,-11.673969268798828
B4FLA3,40,F,Q,F40Q,-8.912110328674316
B4FLA3,40,F,R,F40R,-9.787495613098145
B4FLA3,40,F,S,F40S,-6.902733325958252
B4FLA3,40,F,T,F40T,-8.663392066955566
B4FLA3,40,F,V,F40V,-6.360201835632324
B4FLA3,40,F,W,F40W,-7.323902606964111
B4FLA3,40,F,Y,F40Y,-3.8898141384124756
B4FLA3,41,D,A,D41A,-10.652847290039062
B4FLA3,41,D,C,D41C,-10.910599708557129
B4FLA3,41,D,E,D41E,-8.199807167053223
B4FLA3,41,D,F,D41F,-12.435930252075195
B4FLA3,41,D,G,D41G,-8.907674789428711
B4FLA3,41,D,H,D41H,-10.325589179992676
B4FLA3,41,D,I,D41I,-13.26679515838623
B4FLA3,41,D,K,D41K,-13.312658309936523
B4FLA3,41,D,L,D41L,-12.870091438293457
B4FLA3,41,D,M,D41M,-15.082181930541992
B4FLA3,41,D,N,D41N,-8.10227108001709
B4FLA3,41,D,P,D41P,-14.384794235229492
B4FLA3,41,D,Q,D41Q,-12.967488288879395
B4FLA3,41,D,R,D41R,-13.460399627685547
B4FLA3,41,D,S,D41S,-11.039069175720215
B4FLA3,41,D,T,D41T,-12.399738311767578
B4FLA3,41,D,V,D41V,-11.375226974487305
B4FLA3,41,D,W,D41W,-14.42895221710205
B4FLA3,41,D,Y,D41Y,-9.740449905395508
B4FLA3,42,V,A,V42A,-5.032595634460449
B4FLA3,42,V,C,V42C,-6.386857509613037
B4FLA3,42,V,D,V42D,0.5696856379508972
B4FLA3,42,V,E,V42E,-3.120230197906494
B4FLA3,42,V,F,V42F,-6.651261329650879
B4FLA3,42,V,G,V42G,-5.017247200012207
B4FLA3,42,V,H,V42H,-7.263741493225098
B4FLA3,42,V,I,V42I,-3.229552984237671
B4FLA3,42,V,K,V42K,-8.368408203125
B4FLA3,42,V,L,V42L,-5.245541572570801
B4FLA3,42,V,M,V42M,-6.223067283630371
B4FLA3,42,V,N,V42N,-5.157132148742676
B4FLA3,42,V,P,V42P,-7.303326606750488
B4FLA3,42,V,Q,V42Q,-6.566908836364746
B4FLA3,42,V,R,V42R,-8.660872459411621
B4FLA3,42,V,S,V42S,-6.052404403686523
B4FLA3,42,V,T,V42T,-4.948315143585205
B4FLA3,42,V,W,V42W,-9.348613739013672
B4FLA3,42,V,Y,V42Y,-6.819683074951172
B4FLA3,43,Y,A,Y43A,-9.742877006530762
B4FLA3,43,Y,C,Y43C,-6.970522403717041
B4FLA3,43,Y,D,Y43D,-9.107743263244629
B4FLA3,43,Y,E,Y43E,-12.012554168701172
B4FLA3,43,Y,F,Y43F,-1.7666893005371094
B4FLA3,43,Y,G,Y43G,-10.862857818603516
B4FLA3,43,Y,H,Y43H,-3.484193801879883
B4FLA3,43,Y,I,Y43I,-11.577937126159668
B4FLA3,43,Y,K,Y43K,-10.647753715515137
B4FLA3,43,Y,L,Y43L,-5.774740219116211
B4FLA3,43,Y,M,Y43M,-8.394477844238281
B4FLA3,43,Y,N,Y43N,-7.372431755065918
B4FLA3,43,Y,P,Y43P,-10.609831809997559
B4FLA3,43,Y,Q,Y43Q,-8.09714412689209
B4FLA3,43,Y,R,Y43R,-10.165666580200195
B4FLA3,43,Y,S,Y43S,-8.672850608825684
B4FLA3,43,Y,T,Y43T,-9.535910606384277
B4FLA3,43,Y,V,Y43V,-11.329591751098633
B4FLA3,43,Y,W,Y43W,-6.814389228820801
B4FLA3,44,V,A,V44A,-5.39511251449585
B4FLA3,44,V,C,V44C,-6.204660415649414
B4FLA3,44,V,D,V44D,-9.244819641113281
B4FLA3,44,V,E,V44E,-8.81813907623291
B4FLA3,44,V,F,V44F,-7.13180685043335
B4FLA3,44,V,G,V44G,-8.657471656799316
B4FLA3,44,V,H,V44H,-10.5601167678833
B4FLA3,44,V,I,V44I,-4.132657051086426
B4FLA3,44,V,K,V44K,-10.447487831115723
B4FLA3,44,V,L,V44L,-4.928820610046387
B4FLA3,44,V,M,V44M,-5.425834655761719
B4FLA3,44,V,N,V44N,-9.476183891296387
B4FLA3,44,V,P,V44P,-8.838616371154785
B4FLA3,44,V,Q,V44Q,-10.122504234313965
B4FLA3,44,V,R,V44R,-10.63958740234375
B4FLA3,44,V,S,V44S,-7.95745849609375
B4FLA3,44,V,T,V44T,-7.1945624351501465
B4FLA3,44,V,W,V44W,-9.510921478271484
B4FLA3,44,V,Y,V44Y,-9.629558563232422
B4FLA3,45,N,A,N45A,-10.921256065368652
B4FLA3,45,N,C,N45C,-9.933053016662598
B4FLA3,45,N,D,N45D,-9.270795822143555
B4FLA3,45,N,E,N45E,-11.754186630249023
B4FLA3,45,N,F,N45F,-13.16987133026123
B4FLA3,45,N,G,N45G,-9.831151008605957
B4FLA3,45,N,H,N45H,-9.60096549987793
B4FLA3,45,N,I,N45I,-10.046975135803223
B4FLA3,45,N,K,N45K,-7.483242034912109
B4FLA3,45,N,L,N45L,-13.202889442443848
B4FLA3,45,N,M,N45M,-12.009936332702637
B4FLA3,45,N,P,N45P,-12.605820655822754
B4FLA3,45,N,Q,N45Q,-10.435273170471191
B4FLA3,45,N,R,N45R,-11.407967567443848
B4FLA3,45,N,S,N45S,-7.496882438659668
B4FLA3,45,N,T,N45T,-7.98082160949707
B4FLA3,45,N,V,N45V,-11.910871505737305
B4FLA3,45,N,W,N45W,-15.159668922424316
B4FLA3,45,N,Y,N45Y,-11.277477264404297
B4FLA3,46,M,A,M46A,-8.756678581237793
B4FLA3,46,M,C,M46C,-6.849941253662109
B4FLA3,46,M,D,M46D,-12.5243558883667
B4FLA3,46,M,E,M46E,-11.151337623596191
B4FLA3,46,M,F,M46F,-9.29558277130127
B4FLA3,46,M,G,M46G,-12.02270793914795
B4FLA3,46,M,H,M46H,-11.774551391601562
B4FLA3,46,M,I,M46I,-4.690875053405762
B4FLA3,46,M,K,M46K,-9.553738594055176
B4FLA3,46,M,L,M46L,-3.9520647525787354
B4FLA3,46,M,N,M46N,-10.15428352355957
B4FLA3,46,M,P,M46P,-11.86921215057373
B4FLA3,46,M,Q,M46Q,-9.111224174499512
B4FLA3,46,M,R,M46R,-10.065960884094238
B4FLA3,46,M,S,M46S,-8.866881370544434
B4FLA3,46,M,T,M46T,-6.743101119995117
B4FLA3,46,M,V,M46V,-5.36630916595459
B4FLA3,46,M,W,M46W,-12.6261625289917
B4FLA3,46,M,Y,M46Y,-12.271869659423828
B4FLA3,47,V,A,V47A,-6.95415735244751
B4FLA3,47,V,C,V47C,-8.018842697143555
B4FLA3,47,V,D,V47D,-11.062978744506836
B4FLA3,47,V,E,V47E,-9.996450424194336
B4FLA3,47,V,F,V47F,-8.918655395507812
B4FLA3,47,V,G,V47G,-9.733709335327148
B4FLA3,47,V,H,V47H,-11.408978462219238
B4FLA3,47,V,I,V47I,-3.842161178588867
B4FLA3,47,V,K,V47K,-11.224751472473145
B4FLA3,47,V,L,V47L,-5.413168430328369
B4FLA3,47,V,M,V47M,-6.867990970611572
B4FLA3,47,V,N,V47N,-10.283381462097168
B4FLA3,47,V,P,V47P,-13.039200782775879
B4FLA3,47,V,Q,V47Q,-10.345398902893066
B4FLA3,47,V,R,V47R,-11.53569507598877
B4FLA3,47,V,S,V47S,-10.199597358703613
B4FLA3,47,V,T,V47T,-7.915234088897705
B4FLA3,47,V,W,V47W,-11.326688766479492
B4FLA3,47,V,Y,V47Y,-10.909735679626465
B4FLA3,48,L,A,L48A,-9.812192916870117
B4FLA3,48,L,C,L48C,-9.304877281188965
B4FLA3,48,L,D,L48D,-12.880240440368652
B4FLA3,48,L,E,L48E,-11.738686561584473
B4FLA3,48,L,F,L48F,-7.287353038787842
B4FLA3,48,L,G,L48G,-11.256290435791016
B4FLA3,48,L,H,L48H,-10.949294090270996
B4FLA3,48,L,I,L48I,-5.368147850036621
B4FLA3,48,L,K,L48K,-10.223053932189941
B4FLA3,48,L,M,L48M,-4.588314533233643
B4FLA3,48,L,N,L48N,-11.34869384765625
B4FLA3,48,L,P,L48P,-10.530633926391602
B4FLA3,48,L,Q,L48Q,-9.744932174682617
B4FLA3,48,L,R,L48R,-9.850517272949219
B4FLA3,48,L,S,L48S,-9.859907150268555
B4FLA3,48,L,T,L48T,-9.355727195739746
B4FLA3,48,L,V,L48V,-6.37723970413208
B4FLA3,48,L,W,L48W,-12.311197280883789
B4FLA3,48,L,Y,L48Y,-11.918004035949707
B4FLA3,49,E,A,E49A,-5.603203296661377
B4FLA3,49,E,C,E49C,-8.023632049560547
B4FLA3,49,E,D,E49D,-2.8813507556915283
B4FLA3,49,E,F,E49F,-10.614168167114258
B4FLA3,49,E,G,E49G,-6.135955810546875
B4FLA3,49,E,H,E49H,-6.862972259521484
B4FLA3,49,E,I,E49I,-8.711833000183105
B4FLA3,49,E,K,E49K,-4.194254398345947
B4FLA3,49,E,L,E49L,-8.753877639770508
B4FLA3,49,E,M,E49M,-8.643477439880371
B4FLA3,49,E,N,E49N,-4.979033470153809
B4FLA3,49,E,P,E49P,-11.026154518127441
B4FLA3,49,E,Q,E49Q,-4.310593128204346
B4FLA3,49,E,R,E49R,-6.0296196937561035
B4FLA3,49,E,S,E49S,-5.363797664642334
B4FLA3,49,E,T,E49T,-5.185233116149902
B4FLA3,49,E,V,E49V,-6.069224834442139
B4FLA3,49,E,W,E49W,-11.381080627441406
B4FLA3,49,E,Y,E49Y,-9.031729698181152
B4FLA3,50,D,A,D50A,-6.84225606918335
B4FLA3,50,D,C,D50C,-9.3060302734375
B4FLA3,50,D,E,D50E,-3.530792713165283
B4FLA3,50,D,F,D50F,-9.842448234558105
B4FLA3,50,D,G,D50G,-6.597055912017822
B4FLA3,50,D,H,D50H,-6.776376724243164
B4FLA3,50,D,I,D50I,-9.811399459838867
B4FLA3,50,D,K,D50K,-8.150583267211914
B4FLA3,50,D,L,D50L,-10.55623722076416
B4FLA3,50,D,M,D50M,-10.149540901184082
B4FLA3,50,D,N,D50N,-3.7508883476257324
B4FLA3,50,D,P,D50P,-13.389763832092285
B4FLA3,50,D,Q,D50Q,-6.79998254776001
B4FLA3,50,D,R,D50R,-9.865799903869629
B4FLA3,50,D,S,D50S,-6.253625392913818
B4FLA3,50,D,T,D50T,-8.2264986038208
B4FLA3,50,D,V,D50V,-8.403675079345703
B4FLA3,50,D,W,D50W,-11.881051063537598
B4FLA3,50,D,Y,D50Y,-7.974277019500732
B4FLA3,51,V,A,V51A,-5.755377292633057
B4FLA3,51,V,C,V51C,-7.1106438636779785
B4FLA3,51,V,D,V51D,-11.740952491760254
B4FLA3,51,V,E,V51E,-10.85410213470459
B4FLA3,51,V,F,V51F,-10.844717025756836
B4FLA3,51,V,G,V51G,-9.41540813446045
B4FLA3,51,V,H,V51H,-14.507377624511719
B4FLA3,51,V,I,V51I,-5.595637798309326
B4FLA3,51,V,K,V51K,-12.215299606323242
B4FLA3,51,V,L,V51L,-7.939532279968262
B4FLA3,51,V,M,V51M,-8.38876724243164
B4FLA3,51,V,N,V51N,-11.699219703674316
B4FLA3,51,V,P,V51P,-11.689546585083008
B4FLA3,51,V,Q,V51Q,-12.768245697021484
B4FLA3,51,V,R,V51R,-11.936153411865234
B4FLA3,51,V,S,V51S,-8.43191146850586
B4FLA3,51,V,T,V51T,-6.6796345710754395
B4FLA3,51,V,W,V51W,-12.819479942321777
B4FLA3,51,V,Y,V51Y,-11.976150512695312
B4FLA3,52,T,A,T52A,-4.744110107421875
B4FLA3,52,T,C,T52C,-5.229611873626709
B4FLA3,52,T,D,T52D,-8.872152328491211
B4FLA3,52,T,E,T52E,-6.320343494415283
B4FLA3,52,T,F,T52F,-7.458581924438477
B4FLA3,52,T,G,T52G,-9.760693550109863
B4FLA3,52,T,H,T52H,-7.710811614990234
B4FLA3,52,T,I,T52I,-3.694923162460327
B4FLA3,52,T,K,T52K,-6.372066020965576
B4FLA3,52,T,L,T52L,-6.232130527496338
B4FLA3,52,T,M,T52M,-4.954178333282471
B4FLA3,52,T,N,T52N,-5.857967853546143
B4FLA3,52,T,P,T52P,-10.964426040649414
B4FLA3,52,T,Q,T52Q,-6.165437698364258
B4FLA3,52,T,R,T52R,-7.305154323577881
B4FLA3,52,T,S,T52S,-4.416260719299316
B4FLA3,52,T,V,T52V,-2.868659019470215
B4FLA3,52,T,W,T52W,-8.583016395568848
B4FLA3,52,T,Y,T52Y,-7.051233291625977
B4FLA3,53,E,A,E53A,-8.616127967834473
B4FLA3,53,E,C,E53C,-10.776945114135742
B4FLA3,53,E,D,E53D,-8.817754745483398
B4FLA3,53,E,F,E53F,-12.47195053100586
B4FLA3,53,E,G,E53G,-8.522269248962402
B4FLA3,53,E,H,E53H,-11.620018005371094
B4FLA3,53,E,I,E53I,-11.430370330810547
B4FLA3,53,E,K,E53K,-7.73199462890625
B4FLA3,53,E,L,E53L,-10.563029289245605
B4FLA3,53,E,M,E53M,-10.555045127868652
B4FLA3,53,E,N,E53N,-11.986921310424805
B4FLA3,53,E,P,E53P,-13.798896789550781
B4FLA3,53,E,Q,E53Q,-7.202515602111816
B4FLA3,53,E,R,E53R,-11.021769523620605
B4FLA3,53,E,S,E53S,-10.378684997558594
B4FLA3,53,E,T,E53T,-10.955498695373535
B4FLA3,53,E,V,E53V,-9.335271835327148
B4FLA3,53,E,W,E53W,-12.712935447692871
B4FLA3,53,E,Y,E53Y,-12.240148544311523
B4FLA3,54,Y,A,Y54A,-8.288069725036621
B4FLA3,54,Y,C,Y54C,-6.651678562164307
B4FLA3,54,Y,D,Y54D,-10.744734764099121
B4FLA3,54,Y,E,Y54E,-10.796653747558594
B4FLA3,54,Y,F,Y54F,-0.9284860491752625
B4FLA3,54,Y,G,Y54G,-10.864298820495605
B4FLA3,54,Y,H,Y54H,-6.977062702178955
B4FLA3,54,Y,I,Y54I,-6.133257865905762
B4FLA3,54,Y,K,Y54K,-10.930110931396484
B4FLA3,54,Y,L,Y54L,-7.143643379211426
B4FLA3,54,Y,M,Y54M,-7.250021457672119
B4FLA3,54,Y,N,Y54N,-8.922067642211914
B4FLA3,54,Y,P,Y54P,-13.45995044708252
B4FLA3,54,Y,Q,Y54Q,-9.803245544433594
B4FLA3,54,Y,R,Y54R,-10.242551803588867
B4FLA3,54,Y,S,Y54S,-6.408929824829102
B4FLA3,54,Y,T,Y54T,-5.960397720336914
B4FLA3,54,Y,V,Y54V,-6.70064640045166
B4FLA3,54,Y,W,Y54W,-6.972140312194824
B4FLA3,55,E,A,E55A,-6.876102447509766
B4FLA3,55,E,C,E55C,-9.647518157958984
B4FLA3,55,E,D,E55D,-4.906433582305908
B4FLA3,55,E,F,E55F,-10.183012008666992
B4FLA3,55,E,G,E55G,-8.3779878616333
B4FLA3,55,E,H,E55H,-7.773946285247803
B4FLA3,55,E,I,E55I,-8.21910572052002
B4FLA3,55,E,K,E55K,-6.659947395324707
B4FLA3,55,E,L,E55L,-8.08984661102295
B4FLA3,55,E,M,E55M,-9.04603385925293
B4FLA3,55,E,N,E55N,-8.569839477539062
B4FLA3,55,E,P,E55P,-13.00704288482666
B4FLA3,55,E,Q,E55Q,-5.241395950317383
B4FLA3,55,E,R,E55R,-8.978728294372559
B4FLA3,55,E,S,E55S,-7.863614082336426
B4FLA3,55,E,T,E55T,-7.5857110023498535
B4FLA3,55,E,V,E55V,-5.869231224060059
B4FLA3,55,E,W,E55W,-11.240443229675293
B4FLA3,55,E,Y,E55Y,-9.263484001159668
B4FLA3,56,Y,A,Y56A,-1.7045841217041016
B4FLA3,56,Y,C,Y56C,-2.3787636756896973
B4FLA3,56,Y,D,Y56D,-3.2276113033294678
B4FLA3,56,Y,E,Y56E,-2.5224618911743164
B4FLA3,56,Y,F,Y56F,-0.36060985922813416
B4FLA3,56,Y,G,Y56G,-4.2899580001831055
B4FLA3,56,Y,H,Y56H,-1.125866174697876
B4FLA3,56,Y,I,Y56I,2.7569782733917236
B4FLA3,56,Y,K,Y56K,-2.059363603591919
B4FLA3,56,Y,L,Y56L,-0.798520565032959
B4FLA3,56,Y,M,Y56M,0.28611624240875244
B4FLA3,56,Y,N,Y56N,0.35077688097953796
B4FLA3,56,Y,P,Y56P,-5.717334747314453
B4FLA3,56,Y,Q,Y56Q,-0.6366997361183167
B4FLA3,56,Y,R,Y56R,-2.429337501525879
B4FLA3,56,Y,S,Y56S,0.1632281243801117
B4FLA3,56,Y,T,Y56T,1.237107276916504
B4FLA3,56,Y,V,Y56V,0.17895552515983582
B4FLA3,56,Y,W,Y56W,-3.014181613922119
B4FLA3,57,T,A,T57A,-5.737949848175049
B4FLA3,57,T,C,T57C,-7.075076103210449
B4FLA3,57,T,D,T57D,-7.463004112243652
B4FLA3,57,T,E,T57E,-9.293054580688477
B4FLA3,57,T,F,T57F,-9.753337860107422
B4FLA3,57,T,G,T57G,-5.882208347320557
B4FLA3,57,T,H,T57H,-8.84103775024414
B4FLA3,57,T,I,T57I,-6.293745517730713
B4FLA3,57,T,K,T57K,-7.923564434051514
B4FLA3,57,T,L,T57L,-6.73997163772583
B4FLA3,57,T,M,T57M,-7.150015354156494
B4FLA3,57,T,N,T57N,-5.429035663604736
B4FLA3,57,T,P,T57P,-8.558040618896484
B4FLA3,57,T,Q,T57Q,-8.617669105529785
B4FLA3,57,T,R,T57R,-8.128961563110352
B4FLA3,57,T,S,T57S,-4.006186485290527
B4FLA3,57,T,V,T57V,-6.3805928230285645
B4FLA3,57,T,W,T57W,-12.162068367004395
B4FLA3,57,T,Y,T57Y,-10.262332916259766
B4FLA3,58,A,C,A58C,-4.456868648529053
B4FLA3,58,A,D,A58D,-2.4432826042175293
B4FLA3,58,A,E,A58E,-2.4776811599731445
B4FLA3,58,A,F,A58F,-4.7106523513793945
B4FLA3,58,A,G,A58G,-2.927708387374878
B4FLA3,58,A,H,A58H,-3.056950569152832
B4FLA3,58,A,I,A58I,-3.6806387901306152
B4FLA3,58,A,K,A58K,-3.234426498413086
B4FLA3,58,A,L,A58L,-2.7378244400024414
B4FLA3,58,A,M,A58M,-4.131998538970947
B4FLA3,58,A,N,A58N,-1.794851303100586
B4FLA3,58,A,P,A58P,0.386681467294693
B4FLA3,58,A,Q,A58Q,-1.7429448366165161
B4FLA3,58,A,R,A58R,-3.7627384662628174
B4FLA3,58,A,S,A58S,0.506693959236145
B4FLA3,58,A,T,A58T,-1.1568763256072998
B4FLA3,58,A,V,A58V,-2.684044361114502
B4FLA3,58,A,W,A58W,-6.547173500061035
B4FLA3,58,A,Y,A58Y,-3.9376416206359863
B4FLA3,59,E,A,E59A,-3.717815399169922
B4FLA3,59,E,C,E59C,-8.57423210144043
B4FLA3,59,E,D,E59D,-1.0390609502792358
B4FLA3,59,E,F,E59F,-8.593622207641602
B4FLA3,59,E,G,E59G,-4.590480327606201
B4FLA3,59,E,H,E59H,-6.654715538024902
B4FLA3,59,E,I,E59I,-8.113868713378906
B4FLA3,59,E,K,E59K,-5.915539741516113
B4FLA3,59,E,L,E59L,-7.372772216796875
B4FLA3,59,E,M,E59M,-7.8596014976501465
B4FLA3,59,E,N,E59N,-4.561447620391846
B4FLA3,59,E,P,E59P,-9.991639137268066
B4FLA3,59,E,Q,E59Q,-3.5442721843719482
B4FLA3,59,E,R,E59R,-7.809721946716309
B4FLA3,59,E,S,E59S,-4.166789531707764
B4FLA3,59,E,T,E59T,-4.763866424560547
B4FLA3,59,E,V,E59V,-6.587144374847412
B4FLA3,59,E,W,E59W,-10.361788749694824
B4FLA3,59,E,Y,E59Y,-7.540141582489014
B4FLA3,60,G,A,G60A,-14.995073318481445
B4FLA3,60,G,C,G60C,-14.71433162689209
B4FLA3,60,G,D,G60D,-13.632364273071289
B4FLA3,60,G,E,G60E,-14.600188255310059
B4FLA3,60,G,F,G60F,-18.022869110107422
B4FLA3,60,G,H,G60H,-17.30478858947754
B4FLA3,60,G,I,G60I,-18.583709716796875
B4FLA3,60,G,K,G60K,-16.128192901611328
B4FLA3,60,G,L,G60L,-18.037389755249023
B4FLA3,60,G,M,G60M,-18.10698699951172
B4FLA3,60,G,N,G60N,-14.8463716506958
B4FLA3,60,G,P,G60P,-19.6298828125
B4FLA3,60,G,Q,G60Q,-15.92194938659668
B4FLA3,60,G,R,G60R,-15.470626831054688
B4FLA3,60,G,S,G60S,-12.582427024841309
B4FLA3,60,G,T,G60T,-16.52652931213379
B4FLA3,60,G,V,G60V,-16.794361114501953
B4FLA3,60,G,W,G60W,-18.28929328918457
B4FLA3,60,G,Y,G60Y,-17.789794921875
B4FLA3,61,R,A,R61A,-9.228095054626465
B4FLA3,61,R,C,R61C,-6.765777587890625
B4FLA3,61,R,D,R61D,-10.722112655639648
B4FLA3,61,R,E,R61E,-7.544917106628418
B4FLA3,61,R,F,R61F,-11.732195854187012
B4FLA3,61,R,G,R61G,-8.633697509765625
B4FLA3,61,R,H,R61H,-6.960850715637207
B4FLA3,61,R,I,R61I,-8.108630180358887
B4FLA3,61,R,K,R61K,-0.30846354365348816
B4FLA3,61,R,L,R61L,-8.234378814697266
B4FLA3,61,R,M,R61M,-7.633514404296875
B4FLA3,61,R,N,R61N,-6.955631732940674
B4FLA3,61,R,P,R61P,-7.495515823364258
B4FLA3,61,R,Q,R61Q,-4.443622589111328
B4FLA3,61,R,S,R61S,-7.392945289611816
B4FLA3,61,R,T,R61T,-4.985182762145996
B4FLA3,61,R,V,R61V,-8.128324508666992
B4FLA3,61,R,W,R61W,-9.040069580078125
B4FLA3,61,R,Y,R61Y,-10.471261978149414
B4FLA3,62,R,A,R62A,-9.062604904174805
B4FLA3,62,R,C,R62C,-7.009502410888672
B4FLA3,62,R,D,R62D,-10.589188575744629
B4FLA3,62,R,E,R62E,-8.877463340759277
B4FLA3,62,R,F,R62F,-9.302854537963867
B4FLA3,62,R,G,R62G,-8.688745498657227
B4FLA3,62,R,H,R62H,-6.427126884460449
B4FLA3,62,R,I,R62I,-6.999134063720703
B4FLA3,62,R,K,R62K,-2.2128617763519287
B4FLA3,62,R,L,R62L,-6.867460250854492
B4FLA3,62,R,M,R62M,-8.067554473876953
B4FLA3,62,R,N,R62N,-7.263489723205566
B4FLA3,62,R,P,R62P,-11.928696632385254
B4FLA3,62,R,Q,R62Q,-6.103163719177246
B4FLA3,62,R,S,R62S,-6.745400905609131
B4FLA3,62,R,T,R62T,-6.3129048347473145
B4FLA3,62,R,V,R62V,-7.7337470054626465
B4FLA3,62,R,W,R62W,-8.829314231872559
B4FLA3,62,R,Y,R62Y,-8.873786926269531
B4FLA3,63,I,A,I63A,-3.843916177749634
B4FLA3,63,I,C,I63C,-4.8834099769592285
B4FLA3,63,I,D,I63D,-7.146662712097168
B4FLA3,63,I,E,I63E,-3.9666948318481445
B4FLA3,63,I,F,I63F,-6.646233558654785
B4FLA3,63,I,G,I63G,-8.09707260131836
B4FLA3,63,I,H,I63H,-7.078689098358154
B4FLA3,63,I,K,I63K,-5.826562881469727
B4FLA3,63,I,L,I63L,-3.9519195556640625
B4FLA3,63,I,M,I63M,-3.9180541038513184
B4FLA3,63,I,N,I63N,-6.038149356842041
B4FLA3,63,I,P,I63P,-7.83123254776001
B4FLA3,63,I,Q,I63Q,-4.217116832733154
B4FLA3,63,I,R,I63R,-6.289407253265381
B4FLA3,63,I,S,I63S,-3.4115452766418457
B4FLA3,63,I,T,I63T,-1.460375428199768
B4FLA3,63,I,V,I63V,-1.3622432947158813
B4FLA3,63,I,W,I63W,-10.830891609191895
B4FLA3,63,I,Y,I63Y,-8.212743759155273
B4FLA3,64,T,A,T64A,-5.99266242980957
B4FLA3,64,T,C,T64C,-7.599101543426514
B4FLA3,64,T,D,T64D,-10.630525588989258
B4FLA3,64,T,E,T64E,-9.111186981201172
B4FLA3,64,T,F,T64F,-8.851072311401367
B4FLA3,64,T,G,T64G,-8.351214408874512
B4FLA3,64,T,H,T64H,-7.062113285064697
B4FLA3,64,T,I,T64I,-5.533748149871826
B4FLA3,64,T,K,T64K,-6.657195568084717
B4FLA3,64,T,L,T64L,-7.137085437774658
B4FLA3,64,T,M,T64M,-6.6815996170043945
B4FLA3,64,T,N,T64N,-4.927034854888916
B4FLA3,64,T,P,T64P,-11.423931121826172
B4FLA3,64,T,Q,T64Q,-6.579310417175293
B4FLA3,64,T,R,T64R,-7.080060958862305
B4FLA3,64,T,S,T64S,-3.2467293739318848
B4FLA3,64,T,V,T64V,-6.8106560707092285
B4FLA3,64,T,W,T64W,-10.840245246887207
B4FLA3,64,T,Y,T64Y,-9.053316116333008
B4FLA3,65,K,A,K65A,-8.440874099731445
B4FLA3,65,K,C,K65C,-9.189218521118164
B4FLA3,65,K,D,K65D,-9.412554740905762
B4FLA3,65,K,E,K65E,-7.16949462890625
B4FLA3,65,K,F,K65F,-10.183300971984863
B4FLA3,65,K,G,K65G,-9.399445533752441
B4FLA3,65,K,H,K65H,-5.752779960632324
B4FLA3,65,K,I,K65I,-9.034285545349121
B4FLA3,65,K,L,K65L,-9.365073204040527
B4FLA3,65,K,M,K65M,-8.591947555541992
B4FLA3,65,K,N,K65N,-5.499592304229736
B4FLA3,65,K,P,K65P,-8.059206008911133
B4FLA3,65,K,Q,K65Q,-5.2457146644592285
B4FLA3,65,K,R,K65R,-2.6648335456848145
B4FLA3,65,K,S,K65S,-6.814310073852539
B4FLA3,65,K,T,K65T,-5.632957458496094
B4FLA3,65,K,V,K65V,-8.638900756835938
B4FLA3,65,K,W,K65W,-11.024641990661621
B4FLA3,65,K,Y,K65Y,-9.142192840576172
B4FLA3,66,L,A,L66A,-6.654407024383545
B4FLA3,66,L,C,L66C,-6.546901702880859
B4FLA3,66,L,D,L66D,-11.125213623046875
B4FLA3,66,L,E,L66E,-9.229514122009277
B4FLA3,66,L,F,L66F,-5.341304779052734
B4FLA3,66,L,G,L66G,-8.970779418945312
B4FLA3,66,L,H,L66H,-5.9047722816467285
B4FLA3,66,L,I,L66I,-4.3163323402404785
B4FLA3,66,L,K,L66K,-7.811586380004883
B4FLA3,66,L,M,L66M,-3.747769355773926
B4FLA3,66,L,N,L66N,-8.992118835449219
B4FLA3,66,L,P,L66P,-10.183891296386719
B4FLA3,66,L,Q,L66Q,-6.708124160766602
B4FLA3,66,L,R,L66R,-6.5351948738098145
B4FLA3,66,L,S,L66S,-5.368522644042969
B4FLA3,66,L,T,L66T,-6.340567111968994
B4FLA3,66,L,V,L66V,-5.323793411254883
B4FLA3,66,L,W,L66W,-8.255799293518066
B4FLA3,66,L,Y,L66Y,-5.49892520904541
B4FLA3,67,D,A,D67A,-6.153944969177246
B4FLA3,67,D,C,D67C,-10.341407775878906
B4FLA3,67,D,E,D67E,-1.765231966972351
B4FLA3,67,D,F,D67F,-9.699700355529785
B4FLA3,67,D,G,D67G,-5.229477405548096
B4FLA3,67,D,H,D67H,-6.850439548492432
B4FLA3,67,D,I,D67I,-9.8519868850708
B4FLA3,67,D,K,D67K,-6.75815486907959
B4FLA3,67,D,L,D67L,-9.845269203186035
B4FLA3,67,D,M,D67M,-10.464728355407715
B4FLA3,67,D,N,D67N,-4.252403259277344
B4FLA3,67,D,P,D67P,-5.483107566833496
B4FLA3,67,D,Q,D67Q,-6.55019474029541
B4FLA3,67,D,R,D67R,-8.889891624450684
B4FLA3,67,D,S,D67S,-5.2341203689575195
B4FLA3,67,D,T,D67T,-6.919727802276611
B4FLA3,67,D,V,D67V,-8.234240531921387
B4FLA3,67,D,W,D67W,-11.366856575012207
B4FLA3,67,D,Y,D67Y,-7.66283655166626
B4FLA3,68,Q,A,Q68A,-7.3852620124816895
B4FLA3,68,Q,C,Q68C,-7.689818382263184
B4FLA3,68,Q,D,Q68D,-8.503390312194824
B4FLA3,68,Q,E,Q68E,-5.173063278198242
B4FLA3,68,Q,F,Q68F,-9.229120254516602
B4FLA3,68,Q,G,Q68G,-9.272921562194824
B4FLA3,68,Q,H,Q68H,-4.11962366104126
B4FLA3,68,Q,I,Q68I,-8.149271965026855
B4FLA3,68,Q,K,Q68K,-2.6002302169799805
B4FLA3,68,Q,L,Q68L,-6.750143051147461
B4FLA3,68,Q,M,Q68M,-5.793013095855713
B4FLA3,68,Q,N,Q68N,-5.8752570152282715
B4FLA3,68,Q,P,Q68P,-9.291831016540527
B4FLA3,68,Q,R,Q68R,-3.685424566268921
B4FLA3,68,Q,S,Q68S,-4.477336883544922
B4FLA3,68,Q,T,Q68T,-4.830860614776611
B4FLA3,68,Q,V,Q68V,-7.901507377624512
B4FLA3,68,Q,W,Q68W,-9.468424797058105
B4FLA3,68,Q,Y,Q68Y,-8.1851167678833
B4FLA3,69,I,A,I69A,-8.379611015319824
B4FLA3,69,I,C,I69C,-7.9592719078063965
B4FLA3,69,I,D,I69D,-13.278634071350098
B4FLA3,69,I,E,I69E,-11.7035493850708
B4FLA3,69,I,F,I69F,-8.462446212768555
B4FLA3,69,I,G,I69G,-12.250354766845703
B4FLA3,69,I,H,I69H,-11.517224311828613
B4FLA3,69,I,K,I69K,-10.95765495300293
B4FLA3,69,I,L,I69L,-4.541764736175537
B4FLA3,69,I,M,I69M,-6.324438095092773
B4FLA3,69,I,N,I69N,-10.013961791992188
B4FLA3,69,I,P,I69P,-12.466870307922363
B4FLA3,69,I,Q,I69Q,-10.974934577941895
B4FLA3,69,I,R,I69R,-11.388223648071289
B4FLA3,69,I,S,I69S,-10.890938758850098
B4FLA3,69,I,T,I69T,-7.8984904289245605
B4FLA3,69,I,V,I69V,-3.2498154640197754
B4FLA3,69,I,W,I69W,-12.93857192993164
B4FLA3,69,I,Y,I69Y,-9.557751655578613
B4FLA3,70,L,A,L70A,-9.288501739501953
B4FLA3,70,L,C,L70C,-8.68478012084961
B4FLA3,70,L,D,L70D,-10.910918235778809
B4FLA3,70,L,E,L70E,-9.440072059631348
B4FLA3,70,L,F,L70F,-5.797443866729736
B4FLA3,70,L,G,L70G,-11.217616081237793
B4FLA3,70,L,H,L70H,-9.230939865112305
B4FLA3,70,L,I,L70I,-2.9738993644714355
B4FLA3,70,L,K,L70K,-9.018904685974121
B4FLA3,70,L,M,L70M,-5.937166213989258
B4FLA3,70,L,N,L70N,-9.539525985717773
B4FLA3,70,L,P,L70P,-10.388679504394531
B4FLA3,70,L,Q,L70Q,-9.50387191772461
B4FLA3,70,L,R,L70R,-9.532073020935059
B4FLA3,70,L,S,L70S,-9.7905855178833
B4FLA3,70,L,T,L70T,-9.274064064025879
B4FLA3,70,L,V,L70V,-3.9853742122650146
B4FLA3,70,L,W,L70W,-10.273911476135254
B4FLA3,70,L,Y,L70Y,-5.760959148406982
B4FLA3,71,L,A,L71A,-9.461383819580078
B4FLA3,71,L,C,L71C,-7.686556339263916
B4FLA3,71,L,D,L71D,-12.224224090576172
B4FLA3,71,L,E,L71E,-12.693598747253418
B4FLA3,71,L,F,L71F,-8.922833442687988
B4FLA3,71,L,G,L71G,-12.132085800170898
B4FLA3,71,L,H,L71H,-10.88769245147705
B4FLA3,71,L,I,L71I,-4.5579962730407715
B4FLA3,71,L,K,L71K,-11.549212455749512
B4FLA3,71,L,M,L71M,-7.433167457580566
B4FLA3,71,L,N,L71N,-10.260051727294922
B4FLA3,71,L,P,L71P,-9.435952186584473
B4FLA3,71,L,Q,L71Q,-8.905757904052734
B4FLA3,71,L,R,L71R,-11.120753288269043
B4FLA3,71,L,S,L71S,-10.188779830932617
B4FLA3,71,L,T,L71T,-10.3837308883667
B4FLA3,71,L,V,L71V,-5.037351131439209
B4FLA3,71,L,W,L71W,-12.406058311462402
B4FLA3,71,L,Y,L71Y,-11.60964298248291
B4FLA3,72,N,A,N72A,-9.437108993530273
B4FLA3,72,N,C,N72C,-8.468782424926758
B4FLA3,72,N,D,N72D,-9.221758842468262
B4FLA3,72,N,E,N72E,-12.42929458618164
B4FLA3,72,N,F,N72F,-11.149707794189453
B4FLA3,72,N,G,N72G,-9.309696197509766
B4FLA3,72,N,H,N72H,-7.755862236022949
B4FLA3,72,N,I,N72I,-10.251937866210938
B4FLA3,72,N,K,N72K,-8.898539543151855
B4FLA3,72,N,L,N72L,-10.524219512939453
B4FLA3,72,N,M,N72M,-11.810481071472168
B4FLA3,72,N,P,N72P,-10.619426727294922
B4FLA3,72,N,Q,N72Q,-9.484092712402344
B4FLA3,72,N,R,N72R,-10.117358207702637
B4FLA3,72,N,S,N72S,-5.551523685455322
B4FLA3,72,N,T,N72T,-7.825501918792725
B4FLA3,72,N,V,N72V,-11.763428688049316
B4FLA3,72,N,W,N72W,-14.081399917602539
B4FLA3,72,N,Y,N72Y,-9.435476303100586
B4FLA3,73,G,A,G73A,-9.885061264038086
B4FLA3,73,G,C,G73C,-11.619894027709961
B4FLA3,73,G,D,G73D,-14.633769035339355
B4FLA3,73,G,E,G73E,-15.702783584594727
B4FLA3,73,G,F,G73F,-15.377805709838867
B4FLA3,73,G,H,G73H,-16.090866088867188
B4FLA3,73,G,I,G73I,-16.966262817382812
B4FLA3,73,G,K,G73K,-16.34784507751465
B4FLA3,73,G,L,G73L,-17.98624610900879
B4FLA3,73,G,M,G73M,-17.65798568725586
B4FLA3,73,G,N,G73N,-13.308244705200195
B4FLA3,73,G,P,G73P,-15.457022666931152
B4FLA3,73,G,Q,G73Q,-16.694740295410156
B4FLA3,73,G,R,G73R,-14.468113899230957
B4FLA3,73,G,S,G73S,-10.29757308959961
B4FLA3,73,G,T,G73T,-16.63547706604004
B4FLA3,73,G,V,G73V,-14.297158241271973
B4FLA3,73,G,W,G73W,-16.11637306213379
B4FLA3,73,G,Y,G73Y,-15.275938987731934
B4FLA3,74,N,A,N74A,-7.1824798583984375
B4FLA3,74,N,C,N74C,-9.388702392578125
B4FLA3,74,N,D,N74D,-6.880289077758789
B4FLA3,74,N,E,N74E,-9.626398086547852
B4FLA3,74,N,F,N74F,-11.379276275634766
B4FLA3,74,N,G,N74G,-7.2993035316467285
B4FLA3,74,N,H,N74H,-8.121954917907715
B4FLA3,74,N,I,N74I,-9.630175590515137
B4FLA3,74,N,K,N74K,-8.344263076782227
B4FLA3,74,N,L,N74L,-10.181577682495117
B4FLA3,74,N,M,N74M,-10.862015724182129
B4FLA3,74,N,P,N74P,-11.04039478302002
B4FLA3,74,N,Q,N74Q,-8.684840202331543
B4FLA3,74,N,R,N74R,-9.695127487182617
B4FLA3,74,N,S,N74S,-4.53458833694458
B4FLA3,74,N,T,N74T,-5.8637237548828125
B4FLA3,74,N,V,N74V,-10.303314208984375
B4FLA3,74,N,W,N74W,-14.740097999572754
B4FLA3,74,N,Y,N74Y,-9.818678855895996
B4FLA3,75,N,A,N75A,-7.917212963104248
B4FLA3,75,N,C,N75C,-7.979802131652832
B4FLA3,75,N,D,N75D,-7.029488563537598
B4FLA3,75,N,E,N75E,-9.351558685302734
B4FLA3,75,N,F,N75F,-8.882349014282227
B4FLA3,75,N,G,N75G,-8.287782669067383
B4FLA3,75,N,H,N75H,-6.078240871429443
B4FLA3,75,N,I,N75I,-7.480399131774902
B4FLA3,75,N,K,N75K,-7.795979976654053
B4FLA3,75,N,L,N75L,-8.5073881149292
B4FLA3,75,N,M,N75M,-8.7283296585083
B4FLA3,75,N,P,N75P,-12.7655029296875
B4FLA3,75,N,Q,N75Q,-7.762541770935059
B4FLA3,75,N,R,N75R,-10.024280548095703
B4FLA3,75,N,S,N75S,-4.585505485534668
B4FLA3,75,N,T,N75T,-5.6449151039123535
B4FLA3,75,N,V,N75V,-8.272516250610352
B4FLA3,75,N,W,N75W,-12.556832313537598
B4FLA3,75,N,Y,N75Y,-7.489673614501953
B4FLA3,76,I,A,I76A,-7.747318744659424
B4FLA3,76,I,C,I76C,-8.093124389648438
B4FLA3,76,I,D,I76D,-11.176507949829102
B4FLA3,76,I,E,I76E,-11.308611869812012
B4FLA3,76,I,F,I76F,-7.332642555236816
B4FLA3,76,I,G,I76G,-10.673705101013184
B4FLA3,76,I,H,I76H,-10.872639656066895
B4FLA3,76,I,K,I76K,-10.464516639709473
B4FLA3,76,I,L,I76L,-4.274550437927246
B4FLA3,76,I,M,I76M,-5.30765962600708
B4FLA3,76,I,N,I76N,-7.7253899574279785
B4FLA3,76,I,P,I76P,-12.414462089538574
B4FLA3,76,I,Q,I76Q,-10.1483154296875
B4FLA3,76,I,R,I76R,-10.572592735290527
B4FLA3,76,I,S,I76S,-8.855605125427246
B4FLA3,76,I,T,I76T,-5.713801383972168
B4FLA3,76,I,V,I76V,-1.5143107175827026
B4FLA3,76,I,W,I76W,-11.332537651062012
B4FLA3,76,I,Y,I76Y,-9.803004264831543
B4FLA3,77,A,C,A77C,1.2489804029464722
B4FLA3,77,A,D,A77D,-5.638945579528809
B4FLA3,77,A,E,A77E,-6.387040615081787
B4FLA3,77,A,F,A77F,-5.170282363891602
B4FLA3,77,A,G,A77G,-3.3935327529907227
B4FLA3,77,A,H,A77H,-5.314947605133057
B4FLA3,77,A,I,A77I,-3.9439504146575928
B4FLA3,77,A,K,A77K,-5.596360206604004
B4FLA3,77,A,L,A77L,-5.015356063842773
B4FLA3,77,A,M,A77M,-4.606540203094482
B4FLA3,77,A,N,A77N,-1.887052059173584
B4FLA3,77,A,P,A77P,-8.020549774169922
B4FLA3,77,A,Q,A77Q,-3.738008737564087
B4FLA3,77,A,R,A77R,-5.3067216873168945
B4FLA3,77,A,S,A77S,0.6717897057533264
B4FLA3,77,A,T,A77T,1.3561104536056519
B4FLA3,77,A,V,A77V,-2.8454792499542236
B4FLA3,77,A,W,A77W,-6.34615421295166
B4FLA3,77,A,Y,A77Y,-4.796955585479736
B4FLA3,78,I,A,I78A,-5.962246894836426
B4FLA3,78,I,C,I78C,-4.935847282409668
B4FLA3,78,I,D,I78D,-9.018692016601562
B4FLA3,78,I,E,I78E,-8.652766227722168
B4FLA3,78,I,F,I78F,-4.353958606719971
B4FLA3,78,I,G,I78G,-9.798698425292969
B4FLA3,78,I,H,I78H,-6.797975063323975
B4FLA3,78,I,K,I78K,-7.160956859588623
B4FLA3,78,I,L,I78L,-1.4537382125854492
B4FLA3,78,I,M,I78M,0.4958314299583435
B4FLA3,78,I,N,I78N,-6.995619297027588
B4FLA3,78,I,P,I78P,-8.868481636047363
B4FLA3,78,I,Q,I78Q,-6.175289154052734
B4FLA3,78,I,R,I78R,-7.785218238830566
B4FLA3,78,I,S,I78S,-6.710126876831055
B4FLA3,78,I,T,I78T,-3.287830114364624
B4FLA3,78,I,V,I78V,-1.5986703634262085
B4FLA3,78,I,W,I78W,-7.311001300811768
B4FLA3,78,I,Y,I78Y,-6.087176322937012
B4FLA3,79,L,A,L79A,-8.340116500854492
B4FLA3,79,L,C,L79C,-7.143138885498047
B4FLA3,79,L,D,L79D,-10.513816833496094
B4FLA3,79,L,E,L79E,-9.586166381835938
B4FLA3,79,L,F,L79F,-4.964497089385986
B4FLA3,79,L,G,L79G,-9.952813148498535
B4FLA3,79,L,H,L79H,-8.263644218444824
B4FLA3,79,L,I,L79I,-3.208770751953125
B4FLA3,79,L,K,L79K,-8.527605056762695
B4FLA3,79,L,M,L79M,-3.4833643436431885
B4FLA3,79,L,N,L79N,-8.935022354125977
B4FLA3,79,L,P,L79P,-7.979398727416992
B4FLA3,79,L,Q,L79Q,-7.401214122772217
B4FLA3,79,L,R,L79R,-7.774631977081299
B4FLA3,79,L,S,L79S,-7.9203667640686035
B4FLA3,79,L,T,L79T,-7.700681686401367
B4FLA3,79,L,V,L79V,-4.184911727905273
B4FLA3,79,L,W,L79W,-7.804523944854736
B4FLA3,79,L,Y,L79Y,-7.309032440185547
B4FLA3,80,V,A,V80A,-4.318373680114746
B4FLA3,80,V,C,V80C,-5.68968391418457
B4FLA3,80,V,D,V80D,-10.03666877746582
B4FLA3,80,V,E,V80E,-7.119529724121094
B4FLA3,80,V,F,V80F,-7.619527339935303
B4FLA3,80,V,G,V80G,-8.082335472106934
B4FLA3,80,V,H,V80H,-6.089172840118408
B4FLA3,80,V,I,V80I,-2.7414040565490723
B4FLA3,80,V,K,V80K,-7.936559200286865
B4FLA3,80,V,L,V80L,-6.058668613433838
B4FLA3,80,V,M,V80M,-5.976345539093018
B4FLA3,80,V,N,V80N,-6.572946071624756
B4FLA3,80,V,P,V80P,-11.163507461547852
B4FLA3,80,V,Q,V80Q,-5.501177787780762
B4FLA3,80,V,R,V80R,-7.726727485656738
B4FLA3,80,V,S,V80S,-4.8829145431518555
B4FLA3,80,V,T,V80T,-3.8710241317749023
B4FLA3,80,V,W,V80W,-10.459636688232422
B4FLA3,80,V,Y,V80Y,-7.761432647705078
B4FLA3,81,P,A,P81A,-6.129367828369141
B4FLA3,81,P,C,P81C,-9.035971641540527
B4FLA3,81,P,D,P81D,-9.880032539367676
B4FLA3,81,P,E,P81E,-9.682114601135254
B4FLA3,81,P,F,P81F,-9.345718383789062
B4FLA3,81,P,G,P81G,-9.467621803283691
B4FLA3,81,P,H,P81H,-8.463048934936523
B4FLA3,81,P,I,P81I,-7.906753063201904
B4FLA3,81,P,K,P81K,-9.99796199798584
B4FLA3,81,P,L,P81L,-6.467377662658691
B4FLA3,81,P,M,P81M,-9.72072696685791
B4FLA3,81,P,N,P81N,-9.147346496582031
B4FLA3,81,P,Q,P81Q,-7.545689105987549
B4FLA3,81,P,R,P81R,-9.00617504119873
B4FLA3,81,P,S,P81S,-6.211714267730713
B4FLA3,81,P,T,P81T,-6.7350850105285645
B4FLA3,81,P,V,P81V,-7.52135705947876
B4FLA3,81,P,W,P81W,-12.104263305664062
B4FLA3,81,P,Y,P81Y,-10.35152530670166
B4FLA3,82,G,A,G82A,-5.790598392486572
B4FLA3,82,G,C,G82C,-6.825399398803711
B4FLA3,82,G,D,G82D,-5.45848274230957
B4FLA3,82,G,E,G82E,-5.425447463989258
B4FLA3,82,G,F,G82F,-9.79592227935791
B4FLA3,82,G,H,G82H,-8.897826194763184
B4FLA3,82,G,I,G82I,-9.972406387329102
B4FLA3,82,G,K,G82K,-8.84703254699707
B4FLA3,82,G,L,G82L,-7.853953838348389
B4FLA3,82,G,M,G82M,-8.473953247070312
B4FLA3,82,G,N,G82N,-5.241400718688965
B4FLA3,82,G,P,G82P,-11.778118133544922
B4FLA3,82,G,Q,G82Q,-6.715060710906982
B4FLA3,82,G,R,G82R,-8.3080472946167
B4FLA3,82,G,S,G82S,-5.486076831817627
B4FLA3,82,G,T,G82T,-8.3991060256958
B4FLA3,82,G,V,G82V,-8.037537574768066
B4FLA3,82,G,W,G82W,-10.436079025268555
B4FLA3,82,G,Y,G82Y,-10.036918640136719
B4FLA3,83,G,A,G83A,-4.357500076293945
B4FLA3,83,G,C,G83C,-7.573909759521484
B4FLA3,83,G,D,G83D,-6.617678642272949
B4FLA3,83,G,E,G83E,-5.47239351272583
B4FLA3,83,G,F,G83F,-9.213627815246582
B4FLA3,83,G,H,G83H,-9.283648490905762
B4FLA3,83,G,I,G83I,-9.382683753967285
B4FLA3,83,G,K,G83K,-8.772932052612305
B4FLA3,83,G,L,G83L,-9.071635246276855
B4FLA3,83,G,M,G83M,-8.843222618103027
B4FLA3,83,G,N,G83N,-8.191549301147461
B4FLA3,83,G,P,G83P,-9.911327362060547
B4FLA3,83,G,Q,G83Q,-7.71181583404541
B4FLA3,83,G,R,G83R,-8.494256973266602
B4FLA3,83,G,S,G83S,-5.382105827331543
B4FLA3,83,G,T,G83T,-8.113021850585938
B4FLA3,83,G,V,G83V,-6.8554558753967285
B4FLA3,83,G,W,G83W,-9.173391342163086
B4FLA3,83,G,Y,G83Y,-8.813333511352539
B4FLA3,84,S,A,S84A,0.30297544598579407
B4FLA3,84,S,C,S84C,-2.671503782272339
B4FLA3,84,S,D,S84D,0.37911516427993774
B4FLA3,84,S,E,S84E,3.7419557571411133
B4FLA3,84,S,F,S84F,-3.8549396991729736
B4FLA3,84,S,G,S84G,-0.04910958185791969
B4FLA3,84,S,H,S84H,-2.1795594692230225
B4FLA3,84,S,I,S84I,-2.012707471847534
B4FLA3,84,S,K,S84K,-0.5758090019226074
B4FLA3,84,S,L,S84L,-1.6201450824737549
B4FLA3,84,S,M,S84M,-1.177579402923584
B4FLA3,84,S,N,S84N,-0.15388840436935425
B4FLA3,84,S,P,S84P,-2.805521249771118
B4FLA3,84,S,Q,S84Q,0.2359059453010559
B4FLA3,84,S,R,S84R,-1.8689457178115845
B4FLA3,84,S,T,S84T,0.537661075592041
B4FLA3,84,S,V,S84V,0.4445415139198303
B4FLA3,84,S,W,S84W,-5.8322601318359375
B4FLA3,84,S,Y,S84Y,-3.5315818786621094
B4FLA3,85,P,A,P85A,-0.8355817794799805
B4FLA3,85,P,C,P85C,-6.454065322875977
B4FLA3,85,P,D,P85D,-8.06196117401123
B4FLA3,85,P,E,P85E,-4.46309232711792
B4FLA3,85,P,F,P85F,-7.549650192260742
B4FLA3,85,P,G,P85G,-0.8312608003616333
B4FLA3,85,P,H,P85H,-6.950725078582764
B4FLA3,85,P,I,P85I,-6.199108123779297
B4FLA3,85,P,K,P85K,-5.6923956871032715
B4FLA3,85,P,L,P85L,-6.046175956726074
B4FLA3,85,P,M,P85M,-6.670406341552734
B4FLA3,85,P,N,P85N,-7.329763412475586
B4FLA3,85,P,Q,P85Q,-4.910155296325684
B4FLA3,85,P,R,P85R,-6.127870559692383
B4FLA3,85,P,S,P85S,-4.742406845092773
B4FLA3,85,P,T,P85T,-5.478494644165039
B4FLA3,85,P,V,P85V,-4.545043468475342
B4FLA3,85,P,W,P85W,-9.157699584960938
B4FLA3,85,P,Y,P85Y,-7.769526481628418
B4FLA3,86,P,A,P86A,-4.443294048309326
B4FLA3,86,P,C,P86C,-9.02411937713623
B4FLA3,86,P,D,P86D,-6.209841251373291
B4FLA3,86,P,E,P86E,-5.2308030128479
B4FLA3,86,P,F,P86F,-8.697072982788086
B4FLA3,86,P,G,P86G,-7.04960298538208
B4FLA3,86,P,H,P86H,-7.275874137878418
B4FLA3,86,P,I,P86I,-6.486233234405518
B4FLA3,86,P,K,P86K,-5.188416481018066
B4FLA3,86,P,L,P86L,-5.969801425933838
B4FLA3,86,P,M,P86M,-7.094287872314453
B4FLA3,86,P,N,P86N,-6.329638481140137
B4FLA3,86,P,Q,P86Q,-5.144002437591553
B4FLA3,86,P,R,P86R,-6.39608907699585
B4FLA3,86,P,S,P86S,-5.063900470733643
B4FLA3,86,P,T,P86T,-5.207357883453369
B4FLA3,86,P,V,P86V,-5.537313461303711
B4FLA3,86,P,W,P86W,-10.9502592086792
B4FLA3,86,P,Y,P86Y,-8.862370491027832
B4FLA3,87,D,A,D87A,-0.8988189101219177
B4FLA3,87,D,C,D87C,-4.4619011878967285
B4FLA3,87,D,E,D87E,0.4124409258365631
B4FLA3,87,D,F,D87F,-5.28872537612915
B4FLA3,87,D,G,D87G,-2.4191715717315674
B4FLA3,87,D,H,D87H,-3.1946253776550293
B4FLA3,87,D,I,D87I,-2.7515110969543457
B4FLA3,87,D,K,D87K,-1.961374044418335
B4FLA3,87,D,L,D87L,-3.1461429595947266
B4FLA3,87,D,M,D87M,-3.5571072101593018
B4FLA3,87,D,N,D87N,-0.5285741686820984
B4FLA3,87,D,P,D87P,-2.493845224380493
B4FLA3,87,D,Q,D87Q,-1.5792615413665771
B4FLA3,87,D,R,D87R,-3.1990010738372803
B4FLA3,87,D,S,D87S,-0.41210615634918213
B4FLA3,87,D,T,D87T,-0.43162694573402405
B4FLA3,87,D,V,D87V,-1.7412910461425781
B4FLA3,87,D,W,D87W,-7.858431339263916
B4FLA3,87,D,Y,D87Y,-5.088083267211914
B4FLA3,88,V,A,V88A,0.010850830934941769
B4FLA3,88,V,C,V88C,-2.211724281311035
B4FLA3,88,V,D,V88D,-0.7270681262016296
B4FLA3,88,V,E,V88E,0.13487495481967926
B4FLA3,88,V,F,V88F,-2.419264793395996
B4FLA3,88,V,G,V88G,-1.6033573150634766
B4FLA3,88,V,H,V88H,-2.123568058013916
B4FLA3,88,V,I,V88I,-1.314502477645874
B4FLA3,88,V,K,V88K,-2.497098684310913
B4FLA3,88,V,L,V88L,-1.4684498310089111
B4FLA3,88,V,M,V88M,-1.6362539529800415
B4FLA3,88,V,N,V88N,-1.0733296871185303
B4FLA3,88,V,P,V88P,-2.1163523197174072
B4FLA3,88,V,Q,V88Q,-0.8788841962814331
B4FLA3,88,V,R,V88R,-3.0046842098236084
B4FLA3,88,V,S,V88S,-0.6715930104255676
B4FLA3,88,V,T,V88T,-0.8704842329025269
B4FLA3,88,V,W,V88W,-5.6924824714660645
B4FLA3,88,V,Y,V88Y,-2.388720750808716
